"BookingID","IsCanceled"
72647,"0"
72648,"1"
72649,"0"
72650,"0"
72651,"1"
72652,"0"
72653,"0"
72654,"1"
72655,"0"
72656,"0"
72657,"0"
72658,"0"
72659,"1"
72660,"1"
72661,"1"
72662,"1"
72663,"1"
72664,"0"
72665,"1"
72666,"0"
72667,"1"
72668,"1"
72669,"0"
72670,"0"
72671,"0"
72672,"0"
72673,"1"
72674,"0"
72675,"0"
72676,"0"
72677,"0"
72678,"0"
72679,"1"
72680,"1"
72681,"0"
72682,"0"
72683,"0"
72684,"0"
72685,"1"
72686,"0"
72687,"0"
72688,"1"
72689,"0"
72690,"0"
72691,"0"
72692,"0"
72693,"0"
72694,"0"
72695,"0"
72696,"0"
72697,"0"
72698,"0"
72699,"0"
72700,"0"
72701,"1"
72702,"0"
72703,"1"
72704,"1"
72705,"1"
72706,"0"
72707,"1"
72708,"1"
72709,"0"
72710,"0"
72711,"1"
72712,"0"
72713,"1"
72714,"1"
72715,"1"
72716,"0"
72717,"0"
72718,"1"
72719,"0"
72720,"1"
72721,"1"
72722,"1"
72723,"0"
72724,"0"
72725,"1"
72726,"0"
72727,"0"
72728,"1"
72729,"1"
72730,"1"
72731,"1"
72732,"0"
72733,"0"
72734,"0"
72735,"1"
72736,"0"
72737,"0"
72738,"1"
72739,"0"
72740,"0"
72741,"1"
72742,"0"
72743,"0"
72744,"1"
72745,"0"
72746,"0"
72747,"0"
72748,"1"
72749,"1"
72750,"0"
72751,"0"
72752,"0"
72753,"0"
72754,"1"
72755,"0"
72756,"0"
72757,"0"
72758,"1"
72759,"1"
72760,"0"
72761,"0"
72762,"0"
72763,"1"
72764,"1"
72765,"0"
72766,"0"
72767,"0"
72768,"1"
72769,"0"
72770,"1"
72771,"0"
72772,"1"
72773,"1"
72774,"1"
72775,"1"
72776,"1"
72777,"0"
72778,"1"
72779,"0"
72780,"0"
72781,"0"
72782,"0"
72783,"0"
72784,"0"
72785,"1"
72786,"0"
72787,"0"
72788,"0"
72789,"1"
72790,"0"
72791,"1"
72792,"1"
72793,"1"
72794,"0"
72795,"0"
72796,"1"
72797,"1"
72798,"1"
72799,"0"
72800,"1"
72801,"0"
72802,"0"
72803,"0"
72804,"1"
72805,"0"
72806,"1"
72807,"0"
72808,"1"
72809,"1"
72810,"0"
72811,"0"
72812,"1"
72813,"1"
72814,"1"
72815,"1"
72816,"1"
72817,"0"
72818,"0"
72819,"0"
72820,"1"
72821,"0"
72822,"1"
72823,"0"
72824,"0"
72825,"1"
72826,"0"
72827,"0"
72828,"0"
72829,"0"
72830,"0"
72831,"0"
72832,"0"
72833,"1"
72834,"1"
72835,"0"
72836,"0"
72837,"0"
72838,"0"
72839,"0"
72840,"1"
72841,"0"
72842,"0"
72843,"0"
72844,"1"
72845,"0"
72846,"0"
72847,"1"
72848,"0"
72849,"0"
72850,"0"
72851,"0"
72852,"0"
72853,"0"
72854,"1"
72855,"1"
72856,"0"
72857,"0"
72858,"0"
72859,"0"
72860,"0"
72861,"0"
72862,"0"
72863,"0"
72864,"0"
72865,"0"
72866,"1"
72867,"0"
72868,"1"
72869,"0"
72870,"1"
72871,"0"
72872,"1"
72873,"1"
72874,"0"
72875,"0"
72876,"1"
72877,"0"
72878,"0"
72879,"1"
72880,"1"
72881,"0"
72882,"0"
72883,"0"
72884,"1"
72885,"0"
72886,"0"
72887,"0"
72888,"0"
72889,"0"
72890,"0"
72891,"1"
72892,"0"
72893,"0"
72894,"1"
72895,"0"
72896,"0"
72897,"0"
72898,"1"
72899,"0"
72900,"1"
72901,"1"
72902,"1"
72903,"0"
72904,"0"
72905,"0"
72906,"1"
72907,"0"
72908,"1"
72909,"1"
72910,"0"
72911,"0"
72912,"1"
72913,"1"
72914,"1"
72915,"0"
72916,"0"
72917,"1"
72918,"1"
72919,"1"
72920,"0"
72921,"1"
72922,"0"
72923,"0"
72924,"1"
72925,"1"
72926,"0"
72927,"1"
72928,"0"
72929,"0"
72930,"0"
72931,"1"
72932,"1"
72933,"0"
72934,"0"
72935,"1"
72936,"1"
72937,"1"
72938,"1"
72939,"0"
72940,"0"
72941,"0"
72942,"0"
72943,"0"
72944,"0"
72945,"0"
72946,"0"
72947,"0"
72948,"0"
72949,"0"
72950,"1"
72951,"0"
72952,"0"
72953,"0"
72954,"0"
72955,"0"
72956,"1"
72957,"0"
72958,"1"
72959,"0"
72960,"0"
72961,"0"
72962,"0"
72963,"0"
72964,"0"
72965,"0"
72966,"0"
72967,"0"
72968,"0"
72969,"0"
72970,"0"
72971,"0"
72972,"0"
72973,"0"
72974,"0"
72975,"0"
72976,"1"
72977,"0"
72978,"0"
72979,"0"
72980,"0"
72981,"1"
72982,"0"
72983,"0"
72984,"0"
72985,"1"
72986,"0"
72987,"0"
72988,"0"
72989,"0"
72990,"0"
72991,"1"
72992,"0"
72993,"0"
72994,"0"
72995,"0"
72996,"0"
72997,"0"
72998,"1"
72999,"1"
73000,"0"
73001,"0"
73002,"0"
73003,"0"
73004,"0"
73005,"0"
73006,"0"
73007,"1"
73008,"1"
73009,"1"
73010,"0"
73011,"1"
73012,"1"
73013,"0"
73014,"1"
73015,"0"
73016,"0"
73017,"0"
73018,"0"
73019,"1"
73020,"0"
73021,"0"
73022,"1"
73023,"0"
73024,"1"
73025,"0"
73026,"0"
73027,"0"
73028,"0"
73029,"0"
73030,"0"
73031,"1"
73032,"0"
73033,"0"
73034,"0"
73035,"0"
73036,"0"
73037,"1"
73038,"0"
73039,"1"
73040,"0"
73041,"0"
73042,"0"
73043,"0"
73044,"0"
73045,"0"
73046,"0"
73047,"0"
73048,"0"
73049,"0"
73050,"0"
73051,"0"
73052,"1"
73053,"0"
73054,"1"
73055,"0"
73056,"1"
73057,"1"
73058,"1"
73059,"0"
73060,"0"
73061,"1"
73062,"0"
73063,"0"
73064,"0"
73065,"0"
73066,"0"
73067,"0"
73068,"0"
73069,"0"
73070,"1"
73071,"0"
73072,"0"
73073,"0"
73074,"0"
73075,"0"
73076,"1"
73077,"1"
73078,"1"
73079,"1"
73080,"1"
73081,"1"
73082,"1"
73083,"1"
73084,"1"
73085,"0"
73086,"0"
73087,"1"
73088,"0"
73089,"0"
73090,"0"
73091,"1"
73092,"0"
73093,"0"
73094,"1"
73095,"0"
73096,"0"
73097,"0"
73098,"1"
73099,"1"
73100,"0"
73101,"1"
73102,"1"
73103,"1"
73104,"1"
73105,"0"
73106,"0"
73107,"0"
73108,"1"
73109,"0"
73110,"0"
73111,"0"
73112,"1"
73113,"1"
73114,"0"
73115,"1"
73116,"0"
73117,"0"
73118,"1"
73119,"1"
73120,"0"
73121,"1"
73122,"1"
73123,"0"
73124,"1"
73125,"1"
73126,"0"
73127,"1"
73128,"1"
73129,"1"
73130,"0"
73131,"1"
73132,"1"
73133,"1"
73134,"1"
73135,"0"
73136,"1"
73137,"1"
73138,"1"
73139,"0"
73140,"1"
73141,"0"
73142,"0"
73143,"0"
73144,"0"
73145,"0"
73146,"1"
73147,"0"
73148,"0"
73149,"1"
73150,"1"
73151,"1"
73152,"1"
73153,"0"
73154,"1"
73155,"1"
73156,"0"
73157,"0"
73158,"1"
73159,"0"
73160,"1"
73161,"1"
73162,"1"
73163,"0"
73164,"1"
73165,"1"
73166,"0"
73167,"0"
73168,"0"
73169,"0"
73170,"0"
73171,"0"
73172,"0"
73173,"1"
73174,"0"
73175,"0"
73176,"1"
73177,"1"
73178,"1"
73179,"0"
73180,"0"
73181,"0"
73182,"1"
73183,"1"
73184,"1"
73185,"0"
73186,"0"
73187,"0"
73188,"0"
73189,"0"
73190,"1"
73191,"1"
73192,"1"
73193,"1"
73194,"0"
73195,"1"
73196,"0"
73197,"0"
73198,"1"
73199,"1"
73200,"0"
73201,"1"
73202,"0"
73203,"0"
73204,"1"
73205,"0"
73206,"0"
73207,"0"
73208,"1"
73209,"1"
73210,"0"
73211,"0"
73212,"0"
73213,"1"
73214,"1"
73215,"0"
73216,"0"
73217,"1"
73218,"0"
73219,"0"
73220,"1"
73221,"0"
73222,"0"
73223,"1"
73224,"0"
73225,"0"
73226,"0"
73227,"0"
73228,"0"
73229,"0"
73230,"0"
73231,"0"
73232,"0"
73233,"0"
73234,"1"
73235,"0"
73236,"0"
73237,"1"
73238,"0"
73239,"1"
73240,"1"
73241,"1"
73242,"1"
73243,"0"
73244,"1"
73245,"0"
73246,"0"
73247,"1"
73248,"1"
73249,"1"
73250,"0"
73251,"0"
73252,"1"
73253,"1"
73254,"1"
73255,"1"
73256,"1"
73257,"1"
73258,"0"
73259,"0"
73260,"1"
73261,"1"
73262,"0"
73263,"1"
73264,"1"
73265,"1"
73266,"0"
73267,"0"
73268,"0"
73269,"1"
73270,"1"
73271,"0"
73272,"1"
73273,"0"
73274,"0"
73275,"1"
73276,"0"
73277,"1"
73278,"1"
73279,"0"
73280,"0"
73281,"0"
73282,"0"
73283,"0"
73284,"0"
73285,"0"
73286,"0"
73287,"0"
73288,"0"
73289,"0"
73290,"0"
73291,"0"
73292,"1"
73293,"0"
73294,"0"
73295,"0"
73296,"0"
73297,"0"
73298,"1"
73299,"0"
73300,"1"
73301,"0"
73302,"0"
73303,"0"
73304,"0"
73305,"1"
73306,"0"
73307,"0"
73308,"0"
73309,"0"
73310,"0"
73311,"0"
73312,"0"
73313,"1"
73314,"1"
73315,"0"
73316,"1"
73317,"0"
73318,"1"
73319,"0"
73320,"1"
73321,"0"
73322,"0"
73323,"0"
73324,"1"
73325,"0"
73326,"1"
73327,"1"
73328,"0"
73329,"0"
73330,"0"
73331,"0"
73332,"1"
73333,"0"
73334,"0"
73335,"0"
73336,"0"
73337,"1"
73338,"1"
73339,"1"
73340,"0"
73341,"0"
73342,"0"
73343,"0"
73344,"0"
73345,"1"
73346,"1"
73347,"0"
73348,"0"
73349,"0"
73350,"0"
73351,"1"
73352,"1"
73353,"0"
73354,"0"
73355,"0"
73356,"1"
73357,"0"
73358,"0"
73359,"0"
73360,"1"
73361,"1"
73362,"0"
73363,"1"
73364,"1"
73365,"0"
73366,"1"
73367,"0"
73368,"1"
73369,"0"
73370,"0"
73371,"0"
73372,"0"
73373,"1"
73374,"1"
73375,"0"
73376,"0"
73377,"0"
73378,"0"
73379,"0"
73380,"0"
73381,"0"
73382,"0"
73383,"1"
73384,"0"
73385,"0"
73386,"0"
73387,"0"
73388,"0"
73389,"1"
73390,"0"
73391,"0"
73392,"0"
73393,"1"
73394,"0"
73395,"0"
73396,"0"
73397,"0"
73398,"0"
73399,"0"
73400,"0"
73401,"0"
73402,"0"
73403,"1"
73404,"0"
73405,"0"
73406,"0"
73407,"0"
73408,"1"
73409,"0"
73410,"0"
73411,"1"
73412,"0"
73413,"0"
73414,"1"
73415,"0"
73416,"0"
73417,"0"
73418,"0"
73419,"1"
73420,"1"
73421,"1"
73422,"0"
73423,"1"
73424,"0"
73425,"1"
73426,"0"
73427,"0"
73428,"1"
73429,"1"
73430,"0"
73431,"1"
73432,"0"
73433,"0"
73434,"0"
73435,"1"
73436,"1"
73437,"0"
73438,"1"
73439,"1"
73440,"1"
73441,"1"
73442,"1"
73443,"0"
73444,"1"
73445,"1"
73446,"0"
73447,"0"
73448,"1"
73449,"1"
73450,"0"
73451,"1"
73452,"1"
73453,"0"
73454,"0"
73455,"0"
73456,"1"
73457,"0"
73458,"1"
73459,"1"
73460,"0"
73461,"1"
73462,"1"
73463,"1"
73464,"1"
73465,"1"
73466,"1"
73467,"0"
73468,"1"
73469,"0"
73470,"0"
73471,"1"
73472,"1"
73473,"1"
73474,"0"
73475,"0"
73476,"1"
73477,"0"
73478,"0"
73479,"1"
73480,"0"
73481,"1"
73482,"0"
73483,"0"
73484,"0"
73485,"0"
73486,"0"
73487,"0"
73488,"1"
73489,"0"
73490,"0"
73491,"0"
73492,"0"
73493,"1"
73494,"0"
73495,"0"
73496,"0"
73497,"0"
73498,"0"
73499,"0"
73500,"1"
73501,"0"
73502,"0"
73503,"0"
73504,"0"
73505,"0"
73506,"0"
73507,"0"
73508,"0"
73509,"0"
73510,"1"
73511,"1"
73512,"1"
73513,"0"
73514,"1"
73515,"0"
73516,"0"
73517,"1"
73518,"1"
73519,"1"
73520,"1"
73521,"0"
73522,"0"
73523,"0"
73524,"1"
73525,"1"
73526,"1"
73527,"0"
73528,"0"
73529,"1"
73530,"0"
73531,"1"
73532,"0"
73533,"1"
73534,"1"
73535,"0"
73536,"1"
73537,"0"
73538,"1"
73539,"1"
73540,"1"
73541,"1"
73542,"1"
73543,"1"
73544,"1"
73545,"1"
73546,"1"
73547,"0"
73548,"0"
73549,"0"
73550,"0"
73551,"0"
73552,"0"
73553,"0"
73554,"0"
73555,"0"
73556,"1"
73557,"0"
73558,"0"
73559,"0"
73560,"1"
73561,"1"
73562,"0"
73563,"0"
73564,"0"
73565,"1"
73566,"0"
73567,"0"
73568,"0"
73569,"1"
73570,"0"
73571,"0"
73572,"0"
73573,"1"
73574,"1"
73575,"0"
73576,"0"
73577,"0"
73578,"1"
73579,"0"
73580,"1"
73581,"0"
73582,"1"
73583,"1"
73584,"0"
73585,"1"
73586,"0"
73587,"0"
73588,"1"
73589,"1"
73590,"1"
73591,"1"
73592,"1"
73593,"1"
73594,"1"
73595,"0"
73596,"0"
73597,"1"
73598,"1"
73599,"1"
73600,"1"
73601,"1"
73602,"1"
73603,"1"
73604,"1"
73605,"0"
73606,"0"
73607,"1"
73608,"0"
73609,"1"
73610,"0"
73611,"1"
73612,"1"
73613,"0"
73614,"1"
73615,"0"
73616,"0"
73617,"0"
73618,"0"
73619,"0"
73620,"1"
73621,"0"
73622,"0"
73623,"0"
73624,"0"
73625,"0"
73626,"0"
73627,"0"
73628,"0"
73629,"0"
73630,"1"
73631,"0"
73632,"0"
73633,"0"
73634,"1"
73635,"1"
73636,"0"
73637,"0"
73638,"0"
73639,"1"
73640,"0"
73641,"0"
73642,"0"
73643,"0"
73644,"1"
73645,"0"
73646,"0"
73647,"1"
73648,"0"
73649,"0"
73650,"1"
73651,"1"
73652,"1"
73653,"0"
73654,"0"
73655,"0"
73656,"0"
73657,"0"
73658,"0"
73659,"1"
73660,"1"
73661,"0"
73662,"0"
73663,"0"
73664,"0"
73665,"0"
73666,"0"
73667,"0"
73668,"0"
73669,"0"
73670,"0"
73671,"0"
73672,"0"
73673,"0"
73674,"0"
73675,"0"
73676,"0"
73677,"0"
73678,"0"
73679,"0"
73680,"0"
73681,"0"
73682,"1"
73683,"0"
73684,"0"
73685,"0"
73686,"0"
73687,"0"
73688,"0"
73689,"0"
73690,"0"
73691,"1"
73692,"1"
73693,"1"
73694,"0"
73695,"0"
73696,"0"
73697,"0"
73698,"1"
73699,"1"
73700,"1"
73701,"0"
73702,"1"
73703,"1"
73704,"1"
73705,"0"
73706,"1"
73707,"0"
73708,"0"
73709,"1"
73710,"0"
73711,"0"
73712,"0"
73713,"1"
73714,"0"
73715,"0"
73716,"1"
73717,"1"
73718,"0"
73719,"0"
73720,"0"
73721,"0"
73722,"0"
73723,"0"
73724,"0"
73725,"1"
73726,"0"
73727,"0"
73728,"0"
73729,"0"
73730,"0"
73731,"0"
73732,"0"
73733,"0"
73734,"0"
73735,"0"
73736,"0"
73737,"0"
73738,"0"
73739,"0"
73740,"0"
73741,"0"
73742,"1"
73743,"1"
73744,"0"
73745,"1"
73746,"0"
73747,"0"
73748,"0"
73749,"0"
73750,"1"
73751,"0"
73752,"0"
73753,"0"
73754,"1"
73755,"0"
73756,"1"
73757,"0"
73758,"1"
73759,"0"
73760,"0"
73761,"0"
73762,"0"
73763,"0"
73764,"1"
73765,"0"
73766,"0"
73767,"0"
73768,"0"
73769,"0"
73770,"0"
73771,"0"
73772,"1"
73773,"1"
73774,"0"
73775,"0"
73776,"1"
73777,"0"
73778,"1"
73779,"0"
73780,"0"
73781,"0"
73782,"0"
73783,"1"
73784,"1"
73785,"0"
73786,"0"
73787,"1"
73788,"1"
73789,"0"
73790,"0"
73791,"1"
73792,"1"
73793,"0"
73794,"1"
73795,"0"
73796,"0"
73797,"1"
73798,"0"
73799,"0"
73800,"0"
73801,"0"
73802,"1"
73803,"1"
73804,"0"
73805,"0"
73806,"1"
73807,"1"
73808,"1"
73809,"1"
73810,"1"
73811,"1"
73812,"0"
73813,"1"
73814,"1"
73815,"1"
73816,"1"
73817,"0"
73818,"1"
73819,"0"
73820,"0"
73821,"1"
73822,"1"
73823,"0"
73824,"0"
73825,"0"
73826,"0"
73827,"1"
73828,"1"
73829,"0"
73830,"0"
73831,"1"
73832,"1"
73833,"0"
73834,"0"
73835,"1"
73836,"0"
73837,"1"
73838,"0"
73839,"0"
73840,"0"
73841,"0"
73842,"0"
73843,"0"
73844,"0"
73845,"0"
73846,"0"
73847,"0"
73848,"0"
73849,"1"
73850,"0"
73851,"1"
73852,"0"
73853,"0"
73854,"1"
73855,"1"
73856,"0"
73857,"0"
73858,"0"
73859,"0"
73860,"0"
73861,"0"
73862,"0"
73863,"0"
73864,"0"
73865,"0"
73866,"0"
73867,"0"
73868,"0"
73869,"1"
73870,"1"
73871,"1"
73872,"1"
73873,"0"
73874,"0"
73875,"0"
73876,"0"
73877,"0"
73878,"0"
73879,"0"
73880,"0"
73881,"0"
73882,"0"
73883,"0"
73884,"1"
73885,"0"
73886,"0"
73887,"0"
73888,"1"
73889,"0"
73890,"0"
73891,"1"
73892,"1"
73893,"0"
73894,"1"
73895,"1"
73896,"1"
73897,"1"
73898,"0"
73899,"1"
73900,"0"
73901,"0"
73902,"1"
73903,"1"
73904,"1"
73905,"1"
73906,"1"
73907,"1"
73908,"1"
73909,"0"
73910,"1"
73911,"1"
73912,"0"
73913,"1"
73914,"1"
73915,"1"
73916,"1"
73917,"0"
73918,"0"
73919,"0"
73920,"1"
73921,"1"
73922,"0"
73923,"0"
73924,"0"
73925,"1"
73926,"0"
73927,"0"
73928,"1"
73929,"1"
73930,"1"
73931,"1"
73932,"1"
73933,"1"
73934,"0"
73935,"0"
73936,"0"
73937,"0"
73938,"0"
73939,"0"
73940,"0"
73941,"0"
73942,"0"
73943,"0"
73944,"0"
73945,"0"
73946,"0"
73947,"1"
73948,"1"
73949,"0"
73950,"1"
73951,"0"
73952,"1"
73953,"1"
73954,"0"
73955,"0"
73956,"0"
73957,"0"
73958,"0"
73959,"0"
73960,"0"
73961,"0"
73962,"0"
73963,"1"
73964,"0"
73965,"1"
73966,"1"
73967,"0"
73968,"0"
73969,"0"
73970,"0"
73971,"0"
73972,"0"
73973,"0"
73974,"0"
73975,"0"
73976,"0"
73977,"0"
73978,"0"
73979,"0"
73980,"0"
73981,"0"
73982,"0"
73983,"0"
73984,"0"
73985,"0"
73986,"0"
73987,"0"
73988,"0"
73989,"1"
73990,"0"
73991,"0"
73992,"0"
73993,"0"
73994,"0"
73995,"0"
73996,"0"
73997,"0"
73998,"0"
73999,"1"
74000,"0"
74001,"0"
74002,"1"
74003,"0"
74004,"0"
74005,"0"
74006,"0"
74007,"0"
74008,"0"
74009,"0"
74010,"0"
74011,"0"
74012,"0"
74013,"0"
74014,"1"
74015,"1"
74016,"1"
74017,"1"
74018,"1"
74019,"1"
74020,"1"
74021,"1"
74022,"1"
74023,"1"
74024,"1"
74025,"1"
74026,"1"
74027,"0"
74028,"1"
74029,"1"
74030,"1"
74031,"1"
74032,"0"
74033,"0"
74034,"0"
74035,"1"
74036,"0"
74037,"1"
74038,"1"
74039,"1"
74040,"1"
74041,"1"
74042,"0"
74043,"1"
74044,"0"
74045,"0"
74046,"0"
74047,"1"
74048,"1"
74049,"1"
74050,"0"
74051,"1"
74052,"0"
74053,"0"
74054,"1"
74055,"0"
74056,"0"
74057,"0"
74058,"0"
74059,"1"
74060,"1"
74061,"1"
74062,"1"
74063,"1"
74064,"1"
74065,"1"
74066,"1"
74067,"1"
74068,"1"
74069,"1"
74070,"1"
74071,"1"
74072,"0"
74073,"0"
74074,"0"
74075,"0"
74076,"0"
74077,"0"
74078,"0"
74079,"1"
74080,"0"
74081,"0"
74082,"0"
74083,"0"
74084,"0"
74085,"0"
74086,"0"
74087,"0"
74088,"0"
74089,"1"
74090,"1"
74091,"0"
74092,"0"
74093,"0"
74094,"1"
74095,"0"
74096,"0"
74097,"0"
74098,"0"
74099,"0"
74100,"0"
74101,"0"
74102,"0"
74103,"0"
74104,"0"
74105,"0"
74106,"0"
74107,"0"
74108,"0"
74109,"0"
74110,"0"
74111,"0"
74112,"1"
74113,"0"
74114,"0"
74115,"0"
74116,"0"
74117,"0"
74118,"0"
74119,"0"
74120,"0"
74121,"0"
74122,"1"
74123,"0"
74124,"1"
74125,"0"
74126,"1"
74127,"1"
74128,"1"
74129,"0"
74130,"1"
74131,"0"
74132,"0"
74133,"1"
74134,"0"
74135,"0"
74136,"1"
74137,"0"
74138,"0"
74139,"1"
74140,"0"
74141,"1"
74142,"0"
74143,"0"
74144,"1"
74145,"1"
74146,"0"
74147,"1"
74148,"0"
74149,"0"
74150,"0"
74151,"0"
74152,"0"
74153,"0"
74154,"0"
74155,"0"
74156,"0"
74157,"1"
74158,"0"
74159,"1"
74160,"1"
74161,"1"
74162,"0"
74163,"0"
74164,"0"
74165,"0"
74166,"1"
74167,"0"
74168,"0"
74169,"0"
74170,"0"
74171,"0"
74172,"1"
74173,"1"
74174,"0"
74175,"0"
74176,"0"
74177,"0"
74178,"1"
74179,"0"
74180,"0"
74181,"1"
74182,"1"
74183,"0"
74184,"0"
74185,"0"
74186,"0"
74187,"0"
74188,"0"
74189,"0"
74190,"1"
74191,"0"
74192,"0"
74193,"0"
74194,"0"
74195,"0"
74196,"1"
74197,"1"
74198,"1"
74199,"0"
74200,"0"
74201,"0"
74202,"0"
74203,"1"
74204,"0"
74205,"0"
74206,"0"
74207,"0"
74208,"1"
74209,"1"
74210,"0"
74211,"0"
74212,"1"
74213,"0"
74214,"0"
74215,"1"
74216,"0"
74217,"1"
74218,"1"
74219,"0"
74220,"0"
74221,"1"
74222,"0"
74223,"0"
74224,"0"
74225,"1"
74226,"1"
74227,"1"
74228,"0"
74229,"0"
74230,"0"
74231,"0"
74232,"0"
74233,"1"
74234,"0"
74235,"0"
74236,"0"
74237,"0"
74238,"0"
74239,"1"
74240,"1"
74241,"0"
74242,"0"
74243,"1"
74244,"1"
74245,"0"
74246,"0"
74247,"0"
74248,"0"
74249,"0"
74250,"0"
74251,"0"
74252,"1"
74253,"0"
74254,"0"
74255,"0"
74256,"1"
74257,"1"
74258,"1"
74259,"1"
74260,"0"
74261,"0"
74262,"1"
74263,"0"
74264,"0"
74265,"0"
74266,"0"
74267,"0"
74268,"1"
74269,"0"
74270,"1"
74271,"1"
74272,"1"
74273,"0"
74274,"0"
74275,"1"
74276,"0"
74277,"0"
74278,"1"
74279,"1"
74280,"1"
74281,"0"
74282,"1"
74283,"0"
74284,"0"
74285,"0"
74286,"1"
74287,"0"
74288,"1"
74289,"0"
74290,"0"
74291,"1"
74292,"1"
74293,"0"
74294,"0"
74295,"0"
74296,"1"
74297,"0"
74298,"1"
74299,"0"
74300,"0"
74301,"0"
74302,"0"
74303,"0"
74304,"0"
74305,"0"
74306,"0"
74307,"0"
74308,"0"
74309,"0"
74310,"1"
74311,"0"
74312,"0"
74313,"0"
74314,"0"
74315,"0"
74316,"0"
74317,"0"
74318,"0"
74319,"0"
74320,"0"
74321,"1"
74322,"1"
74323,"1"
74324,"0"
74325,"1"
74326,"0"
74327,"1"
74328,"0"
74329,"1"
74330,"0"
74331,"1"
74332,"1"
74333,"1"
74334,"1"
74335,"0"
74336,"0"
74337,"1"
74338,"0"
74339,"1"
74340,"0"
74341,"1"
74342,"1"
74343,"0"
74344,"1"
74345,"1"
74346,"1"
74347,"1"
74348,"0"
74349,"0"
74350,"0"
74351,"0"
74352,"0"
74353,"0"
74354,"0"
74355,"0"
74356,"0"
74357,"1"
74358,"1"
74359,"0"
74360,"1"
74361,"1"
74362,"0"
74363,"0"
74364,"0"
74365,"0"
74366,"0"
74367,"0"
74368,"0"
74369,"0"
74370,"0"
74371,"0"
74372,"0"
74373,"0"
74374,"0"
74375,"0"
74376,"0"
74377,"1"
74378,"1"
74379,"0"
74380,"0"
74381,"0"
74382,"0"
74383,"0"
74384,"1"
74385,"1"
74386,"1"
74387,"0"
74388,"0"
74389,"1"
74390,"1"
74391,"1"
74392,"1"
74393,"1"
74394,"0"
74395,"1"
74396,"0"
74397,"1"
74398,"0"
74399,"0"
74400,"1"
74401,"0"
74402,"1"
74403,"1"
74404,"0"
74405,"0"
74406,"1"
74407,"0"
74408,"0"
74409,"1"
74410,"0"
74411,"1"
74412,"1"
74413,"0"
74414,"1"
74415,"0"
74416,"0"
74417,"0"
74418,"1"
74419,"0"
74420,"1"
74421,"0"
74422,"0"
74423,"1"
74424,"0"
74425,"0"
74426,"0"
74427,"0"
74428,"1"
74429,"0"
74430,"1"
74431,"1"
74432,"0"
74433,"0"
74434,"0"
74435,"1"
74436,"1"
74437,"1"
74438,"0"
74439,"0"
74440,"1"
74441,"0"
74442,"0"
74443,"1"
74444,"0"
74445,"1"
74446,"0"
74447,"0"
74448,"0"
74449,"0"
74450,"1"
74451,"0"
74452,"0"
74453,"1"
74454,"1"
74455,"0"
74456,"0"
74457,"0"
74458,"0"
74459,"0"
74460,"0"
74461,"0"
74462,"0"
74463,"0"
74464,"0"
74465,"0"
74466,"0"
74467,"0"
74468,"0"
74469,"1"
74470,"1"
74471,"0"
74472,"0"
74473,"0"
74474,"0"
74475,"0"
74476,"0"
74477,"1"
74478,"0"
74479,"0"
74480,"0"
74481,"0"
74482,"0"
74483,"0"
74484,"0"
74485,"1"
74486,"1"
74487,"1"
74488,"0"
74489,"0"
74490,"1"
74491,"1"
74492,"1"
74493,"0"
74494,"0"
74495,"1"
74496,"0"
74497,"0"
74498,"0"
74499,"0"
74500,"0"
74501,"0"
74502,"0"
74503,"1"
74504,"1"
74505,"0"
74506,"0"
74507,"0"
74508,"0"
74509,"0"
74510,"0"
74511,"0"
74512,"0"
74513,"1"
74514,"0"
74515,"0"
74516,"1"
74517,"0"
74518,"0"
74519,"0"
74520,"0"
74521,"0"
74522,"0"
74523,"1"
74524,"0"
74525,"1"
74526,"0"
74527,"0"
74528,"0"
74529,"0"
74530,"0"
74531,"0"
74532,"0"
74533,"0"
74534,"0"
74535,"0"
74536,"0"
74537,"0"
74538,"1"
74539,"0"
74540,"1"
74541,"0"
74542,"0"
74543,"1"
74544,"1"
74545,"0"
74546,"0"
74547,"0"
74548,"1"
74549,"1"
74550,"0"
74551,"0"
74552,"0"
74553,"0"
74554,"0"
74555,"0"
74556,"0"
74557,"0"
74558,"0"
74559,"0"
74560,"1"
74561,"0"
74562,"1"
74563,"1"
74564,"1"
74565,"1"
74566,"1"
74567,"0"
74568,"1"
74569,"0"
74570,"1"
74571,"0"
74572,"1"
74573,"1"
74574,"1"
74575,"1"
74576,"0"
74577,"1"
74578,"1"
74579,"1"
74580,"0"
74581,"1"
74582,"0"
74583,"1"
74584,"0"
74585,"0"
74586,"0"
74587,"0"
74588,"1"
74589,"1"
74590,"1"
74591,"0"
74592,"1"
74593,"0"
74594,"1"
74595,"0"
74596,"0"
74597,"1"
74598,"0"
74599,"0"
74600,"1"
74601,"1"
74602,"1"
74603,"1"
74604,"0"
74605,"0"
74606,"0"
74607,"0"
74608,"0"
74609,"0"
74610,"1"
74611,"1"
74612,"0"
74613,"0"
74614,"0"
74615,"0"
74616,"1"
74617,"0"
74618,"0"
74619,"0"
74620,"0"
74621,"0"
74622,"0"
74623,"1"
74624,"0"
74625,"1"
74626,"0"
74627,"0"
74628,"1"
74629,"0"
74630,"1"
74631,"0"
74632,"1"
74633,"1"
74634,"1"
74635,"1"
74636,"0"
74637,"0"
74638,"0"
74639,"0"
74640,"0"
74641,"0"
74642,"0"
74643,"0"
74644,"0"
74645,"0"
74646,"0"
74647,"0"
74648,"1"
74649,"0"
74650,"0"
74651,"0"
74652,"0"
74653,"0"
74654,"0"
74655,"0"
74656,"1"
74657,"0"
74658,"1"
74659,"0"
74660,"0"
74661,"1"
74662,"1"
74663,"1"
74664,"0"
74665,"0"
74666,"1"
74667,"0"
74668,"0"
74669,"1"
74670,"1"
74671,"1"
74672,"0"
74673,"1"
74674,"1"
74675,"0"
74676,"1"
74677,"1"
74678,"0"
74679,"0"
74680,"0"
74681,"1"
74682,"0"
74683,"0"
74684,"1"
74685,"0"
74686,"1"
74687,"1"
74688,"1"
74689,"0"
74690,"0"
74691,"1"
74692,"0"
74693,"0"
74694,"0"
74695,"0"
74696,"1"
74697,"1"
74698,"1"
74699,"1"
74700,"0"
74701,"1"
74702,"0"
74703,"0"
74704,"0"
74705,"0"
74706,"0"
74707,"1"
74708,"1"
74709,"0"
74710,"1"
74711,"0"
74712,"0"
74713,"0"
74714,"0"
74715,"0"
74716,"0"
74717,"1"
74718,"1"
74719,"1"
74720,"0"
74721,"1"
74722,"1"
74723,"0"
74724,"1"
74725,"0"
74726,"0"
74727,"1"
74728,"1"
74729,"0"
74730,"0"
74731,"1"
74732,"0"
74733,"0"
74734,"0"
74735,"0"
74736,"0"
74737,"0"
74738,"0"
74739,"1"
74740,"1"
74741,"0"
74742,"0"
74743,"0"
74744,"0"
74745,"0"
74746,"0"
74747,"0"
74748,"0"
74749,"0"
74750,"0"
74751,"0"
74752,"0"
74753,"0"
74754,"1"
74755,"0"
74756,"0"
74757,"1"
74758,"0"
74759,"0"
74760,"0"
74761,"0"
74762,"0"
74763,"0"
74764,"0"
74765,"1"
74766,"0"
74767,"1"
74768,"0"
74769,"0"
74770,"1"
74771,"0"
74772,"0"
74773,"1"
74774,"1"
74775,"1"
74776,"0"
74777,"1"
74778,"1"
74779,"0"
74780,"1"
74781,"1"
74782,"1"
74783,"0"
74784,"1"
74785,"0"
74786,"1"
74787,"0"
74788,"1"
74789,"1"
74790,"0"
74791,"0"
74792,"1"
74793,"0"
74794,"1"
74795,"0"
74796,"1"
74797,"1"
74798,"0"
74799,"1"
74800,"1"
74801,"1"
74802,"0"
74803,"1"
74804,"1"
74805,"0"
74806,"1"
74807,"1"
74808,"1"
74809,"1"
74810,"1"
74811,"1"
74812,"0"
74813,"0"
74814,"1"
74815,"1"
74816,"1"
74817,"1"
74818,"0"
74819,"0"
74820,"1"
74821,"0"
74822,"0"
74823,"1"
74824,"1"
74825,"0"
74826,"0"
74827,"0"
74828,"0"
74829,"0"
74830,"0"
74831,"1"
74832,"0"
74833,"0"
74834,"1"
74835,"0"
74836,"1"
74837,"0"
74838,"0"
74839,"0"
74840,"0"
74841,"0"
74842,"0"
74843,"0"
74844,"0"
74845,"0"
74846,"1"
74847,"0"
74848,"0"
74849,"0"
74850,"0"
74851,"0"
74852,"0"
74853,"0"
74854,"0"
74855,"0"
74856,"0"
74857,"1"
74858,"0"
74859,"0"
74860,"1"
74861,"0"
74862,"0"
74863,"0"
74864,"0"
74865,"0"
74866,"0"
74867,"0"
74868,"0"
74869,"0"
74870,"0"
74871,"0"
74872,"0"
74873,"0"
74874,"0"
74875,"1"
74876,"0"
74877,"0"
74878,"0"
74879,"1"
74880,"0"
74881,"1"
74882,"0"
74883,"0"
74884,"1"
74885,"0"
74886,"0"
74887,"0"
74888,"0"
74889,"0"
74890,"0"
74891,"1"
74892,"0"
74893,"0"
74894,"0"
74895,"0"
74896,"1"
74897,"0"
74898,"0"
74899,"1"
74900,"0"
74901,"1"
74902,"1"
74903,"0"
74904,"0"
74905,"0"
74906,"0"
74907,"0"
74908,"1"
74909,"1"
74910,"0"
74911,"0"
74912,"0"
74913,"0"
74914,"0"
74915,"0"
74916,"1"
74917,"1"
74918,"1"
74919,"1"
74920,"0"
74921,"0"
74922,"0"
74923,"1"
74924,"1"
74925,"1"
74926,"1"
74927,"1"
74928,"0"
74929,"0"
74930,"1"
74931,"1"
74932,"1"
74933,"0"
74934,"1"
74935,"0"
74936,"0"
74937,"1"
74938,"1"
74939,"1"
74940,"1"
74941,"1"
74942,"1"
74943,"0"
74944,"0"
74945,"1"
74946,"1"
74947,"1"
74948,"0"
74949,"1"
74950,"0"
74951,"1"
74952,"1"
74953,"1"
74954,"0"
74955,"0"
74956,"0"
74957,"0"
74958,"0"
74959,"0"
74960,"0"
74961,"0"
74962,"1"
74963,"1"
74964,"0"
74965,"0"
74966,"0"
74967,"0"
74968,"1"
74969,"0"
74970,"0"
74971,"0"
74972,"0"
74973,"0"
74974,"0"
74975,"1"
74976,"0"
74977,"0"
74978,"0"
74979,"1"
74980,"0"
74981,"0"
74982,"1"
74983,"0"
74984,"0"
74985,"0"
74986,"1"
74987,"0"
74988,"0"
74989,"1"
74990,"0"
74991,"0"
74992,"1"
74993,"1"
74994,"1"
74995,"0"
74996,"1"
74997,"1"
74998,"0"
74999,"0"
75000,"0"
75001,"0"
75002,"0"
75003,"1"
75004,"1"
75005,"0"
75006,"1"
75007,"0"
75008,"0"
75009,"0"
75010,"0"
75011,"0"
75012,"1"
75013,"0"
75014,"0"
75015,"1"
75016,"0"
75017,"1"
75018,"0"
75019,"0"
75020,"1"
75021,"0"
75022,"1"
75023,"1"
75024,"0"
75025,"1"
75026,"0"
75027,"0"
75028,"0"
75029,"0"
75030,"0"
75031,"1"
75032,"0"
75033,"0"
75034,"1"
75035,"0"
75036,"0"
75037,"1"
75038,"0"
75039,"0"
75040,"0"
75041,"1"
75042,"0"
75043,"0"
75044,"0"
75045,"1"
75046,"0"
75047,"0"
75048,"0"
75049,"0"
75050,"0"
75051,"0"
75052,"0"
75053,"0"
75054,"0"
75055,"0"
75056,"0"
75057,"0"
75058,"0"
75059,"0"
75060,"0"
75061,"0"
75062,"0"
75063,"0"
75064,"0"
75065,"0"
75066,"0"
75067,"1"
75068,"0"
75069,"0"
75070,"0"
75071,"0"
75072,"0"
75073,"0"
75074,"0"
75075,"0"
75076,"0"
75077,"0"
75078,"0"
75079,"0"
75080,"0"
75081,"0"
75082,"0"
75083,"0"
75084,"0"
75085,"0"
75086,"0"
75087,"0"
75088,"0"
75089,"0"
75090,"0"
75091,"0"
75092,"0"
75093,"0"
75094,"0"
75095,"1"
75096,"1"
75097,"0"
75098,"0"
75099,"0"
75100,"0"
75101,"0"
75102,"0"
75103,"0"
75104,"0"
75105,"0"
75106,"0"
75107,"0"
75108,"0"
75109,"0"
75110,"0"
75111,"0"
75112,"0"
75113,"0"
75114,"0"
75115,"0"
75116,"0"
75117,"0"
75118,"0"
75119,"0"
75120,"0"
75121,"0"
75122,"0"
75123,"0"
75124,"0"
75125,"0"
75126,"1"
75127,"1"
75128,"1"
75129,"1"
75130,"1"
75131,"1"
75132,"1"
75133,"0"
75134,"1"
75135,"1"
75136,"1"
75137,"1"
75138,"1"
75139,"1"
75140,"1"
75141,"1"
75142,"1"
75143,"1"
75144,"1"
75145,"0"
75146,"1"
75147,"1"
75148,"1"
75149,"0"
75150,"0"
75151,"0"
75152,"0"
75153,"0"
75154,"1"
75155,"1"
75156,"1"
75157,"0"
75158,"1"
75159,"0"
75160,"0"
75161,"1"
75162,"0"
75163,"0"
75164,"0"
75165,"1"
75166,"0"
75167,"0"
75168,"0"
75169,"0"
75170,"0"
75171,"1"
75172,"1"
75173,"1"
75174,"1"
75175,"1"
75176,"1"
75177,"1"
75178,"1"
75179,"1"
75180,"1"
75181,"1"
75182,"0"
75183,"1"
75184,"1"
75185,"1"
75186,"1"
75187,"0"
75188,"0"
75189,"0"
75190,"0"
75191,"0"
75192,"1"
75193,"0"
75194,"0"
75195,"0"
75196,"0"
75197,"1"
75198,"0"
75199,"0"
75200,"0"
75201,"0"
75202,"0"
75203,"0"
75204,"0"
75205,"0"
75206,"0"
75207,"1"
75208,"0"
75209,"0"
75210,"1"
75211,"0"
75212,"0"
75213,"1"
75214,"1"
75215,"0"
75216,"1"
75217,"1"
75218,"0"
75219,"0"
75220,"0"
75221,"1"
75222,"1"
75223,"0"
75224,"0"
75225,"0"
75226,"0"
75227,"0"
75228,"0"
75229,"0"
75230,"0"
75231,"0"
75232,"0"
75233,"1"
75234,"0"
75235,"0"
75236,"0"
75237,"0"
75238,"0"
75239,"1"
75240,"0"
75241,"0"
75242,"1"
75243,"1"
75244,"0"
75245,"1"
75246,"1"
75247,"1"
75248,"1"
75249,"1"
75250,"1"
75251,"0"
75252,"1"
75253,"1"
75254,"0"
75255,"0"
75256,"1"
75257,"1"
75258,"1"
75259,"1"
75260,"1"
75261,"1"
75262,"0"
75263,"1"
75264,"1"
75265,"1"
75266,"1"
75267,"0"
75268,"1"
75269,"1"
75270,"0"
75271,"1"
75272,"1"
75273,"1"
75274,"1"
75275,"1"
75276,"1"
75277,"0"
75278,"0"
75279,"0"
75280,"1"
75281,"0"
75282,"0"
75283,"1"
75284,"0"
75285,"0"
75286,"1"
75287,"1"
75288,"1"
75289,"1"
75290,"0"
75291,"1"
75292,"0"
75293,"1"
75294,"0"
75295,"0"
75296,"0"
75297,"1"
75298,"1"
75299,"1"
75300,"1"
75301,"0"
75302,"0"
75303,"1"
75304,"0"
75305,"0"
75306,"0"
75307,"0"
75308,"1"
75309,"0"
75310,"0"
75311,"0"
75312,"1"
75313,"0"
75314,"0"
75315,"0"
75316,"0"
75317,"0"
75318,"1"
75319,"0"
75320,"0"
75321,"1"
75322,"0"
75323,"0"
75324,"1"
75325,"0"
75326,"1"
75327,"0"
75328,"0"
75329,"0"
75330,"1"
75331,"1"
75332,"1"
75333,"1"
75334,"0"
75335,"0"
75336,"0"
75337,"0"
75338,"0"
75339,"1"
75340,"0"
75341,"0"
75342,"0"
75343,"0"
75344,"0"
75345,"1"
75346,"0"
75347,"0"
75348,"0"
75349,"0"
75350,"0"
75351,"0"
75352,"0"
75353,"1"
75354,"0"
75355,"0"
75356,"0"
75357,"0"
75358,"0"
75359,"0"
75360,"0"
75361,"0"
75362,"1"
75363,"0"
75364,"0"
75365,"1"
75366,"0"
75367,"0"
75368,"0"
75369,"0"
75370,"0"
75371,"1"
75372,"0"
75373,"0"
75374,"1"
75375,"0"
75376,"1"
75377,"0"
75378,"1"
75379,"0"
75380,"1"
75381,"0"
75382,"0"
75383,"0"
75384,"0"
75385,"1"
75386,"1"
75387,"0"
75388,"0"
75389,"0"
75390,"1"
75391,"1"
75392,"1"
75393,"1"
75394,"1"
75395,"0"
75396,"0"
75397,"0"
75398,"1"
75399,"1"
75400,"0"
75401,"0"
75402,"0"
75403,"1"
75404,"1"
75405,"0"
75406,"1"
75407,"1"
75408,"1"
75409,"1"
75410,"0"
75411,"1"
75412,"0"
75413,"0"
75414,"0"
75415,"0"
75416,"0"
75417,"0"
75418,"0"
75419,"0"
75420,"0"
75421,"0"
75422,"0"
75423,"0"
75424,"0"
75425,"0"
75426,"1"
75427,"1"
75428,"0"
75429,"0"
75430,"0"
75431,"0"
75432,"0"
75433,"0"
75434,"0"
75435,"0"
75436,"1"
75437,"0"
75438,"0"
75439,"0"
75440,"0"
75441,"1"
75442,"0"
75443,"0"
75444,"0"
75445,"1"
75446,"0"
75447,"1"
75448,"1"
75449,"0"
75450,"0"
75451,"0"
75452,"1"
75453,"0"
75454,"1"
75455,"0"
75456,"0"
75457,"0"
75458,"0"
75459,"1"
75460,"1"
75461,"1"
75462,"0"
75463,"1"
75464,"1"
75465,"1"
75466,"0"
75467,"0"
75468,"1"
75469,"0"
75470,"0"
75471,"0"
75472,"0"
75473,"0"
75474,"0"
75475,"0"
75476,"0"
75477,"1"
75478,"1"
75479,"1"
75480,"0"
75481,"1"
75482,"1"
75483,"1"
75484,"1"
75485,"1"
75486,"1"
75487,"1"
75488,"1"
75489,"1"
75490,"1"
75491,"1"
75492,"0"
75493,"1"
75494,"0"
75495,"1"
75496,"1"
75497,"0"
75498,"1"
75499,"0"
75500,"0"
75501,"1"
75502,"0"
75503,"0"
75504,"0"
75505,"1"
75506,"0"
75507,"0"
75508,"0"
75509,"0"
75510,"0"
75511,"0"
75512,"1"
75513,"1"
75514,"1"
75515,"0"
75516,"1"
75517,"0"
75518,"0"
75519,"0"
75520,"1"
75521,"1"
75522,"1"
75523,"1"
75524,"0"
75525,"1"
75526,"0"
75527,"1"
75528,"1"
75529,"1"
75530,"1"
75531,"1"
75532,"0"
75533,"0"
75534,"0"
75535,"0"
75536,"0"
75537,"1"
75538,"0"
75539,"0"
75540,"0"
75541,"0"
75542,"0"
75543,"1"
75544,"0"
75545,"0"
75546,"0"
75547,"0"
75548,"0"
75549,"0"
75550,"0"
75551,"0"
75552,"0"
75553,"0"
75554,"0"
75555,"0"
75556,"0"
75557,"0"
75558,"0"
75559,"0"
75560,"0"
75561,"0"
75562,"0"
75563,"1"
75564,"1"
75565,"1"
75566,"0"
75567,"0"
75568,"1"
75569,"1"
75570,"0"
75571,"1"
75572,"1"
75573,"1"
75574,"1"
75575,"1"
75576,"0"
75577,"1"
75578,"1"
75579,"1"
75580,"1"
75581,"1"
75582,"1"
75583,"0"
75584,"0"
75585,"0"
75586,"1"
75587,"1"
75588,"1"
75589,"1"
75590,"0"
75591,"0"
75592,"1"
75593,"1"
75594,"1"
75595,"1"
75596,"1"
75597,"1"
75598,"0"
75599,"1"
75600,"1"
75601,"0"
75602,"0"
75603,"1"
75604,"1"
75605,"1"
75606,"1"
75607,"1"
75608,"1"
75609,"1"
75610,"1"
75611,"1"
75612,"1"
75613,"1"
75614,"1"
75615,"0"
75616,"0"
75617,"1"
75618,"1"
75619,"1"
75620,"1"
75621,"1"
75622,"1"
75623,"1"
75624,"1"
75625,"0"
75626,"0"
75627,"1"
75628,"0"
75629,"0"
75630,"0"
75631,"0"
75632,"0"
75633,"1"
75634,"0"
75635,"0"
75636,"1"
75637,"1"
75638,"0"
75639,"1"
75640,"0"
75641,"0"
75642,"0"
75643,"0"
75644,"0"
75645,"1"
75646,"1"
75647,"1"
75648,"0"
75649,"0"
75650,"1"
75651,"1"
75652,"1"
75653,"1"
75654,"1"
75655,"0"
75656,"1"
75657,"1"
75658,"0"
75659,"0"
75660,"1"
75661,"0"
75662,"1"
75663,"0"
75664,"0"
75665,"0"
75666,"0"
75667,"0"
75668,"0"
75669,"1"
75670,"1"
75671,"1"
75672,"1"
75673,"1"
75674,"1"
75675,"0"
75676,"0"
75677,"0"
75678,"1"
75679,"0"
75680,"0"
75681,"1"
75682,"0"
75683,"0"
75684,"0"
75685,"0"
75686,"0"
75687,"0"
75688,"0"
75689,"0"
75690,"1"
75691,"1"
75692,"0"
75693,"1"
75694,"1"
75695,"0"
75696,"1"
75697,"0"
75698,"0"
75699,"1"
75700,"1"
75701,"1"
75702,"1"
75703,"1"
75704,"0"
75705,"1"
75706,"0"
75707,"1"
75708,"0"
75709,"1"
75710,"0"
75711,"1"
75712,"1"
75713,"0"
75714,"1"
75715,"0"
75716,"1"
75717,"1"
75718,"1"
75719,"1"
75720,"0"
75721,"0"
75722,"0"
75723,"0"
75724,"0"
75725,"1"
75726,"1"
75727,"0"
75728,"0"
75729,"0"
75730,"0"
75731,"0"
75732,"0"
75733,"0"
75734,"0"
75735,"0"
75736,"0"
75737,"0"
75738,"0"
75739,"0"
75740,"1"
75741,"1"
75742,"0"
75743,"0"
75744,"0"
75745,"0"
75746,"0"
75747,"0"
75748,"0"
75749,"1"
75750,"0"
75751,"0"
75752,"1"
75753,"1"
75754,"1"
75755,"1"
75756,"0"
75757,"0"
75758,"0"
75759,"1"
75760,"1"
75761,"0"
75762,"0"
75763,"1"
75764,"1"
75765,"1"
75766,"1"
75767,"1"
75768,"1"
75769,"0"
75770,"0"
75771,"1"
75772,"0"
75773,"0"
75774,"0"
75775,"0"
75776,"1"
75777,"1"
75778,"1"
75779,"1"
75780,"1"
75781,"1"
75782,"1"
75783,"0"
75784,"0"
75785,"0"
75786,"1"
75787,"1"
75788,"0"
75789,"1"
75790,"0"
75791,"1"
75792,"1"
75793,"0"
75794,"1"
75795,"1"
75796,"1"
75797,"1"
75798,"1"
75799,"0"
75800,"0"
75801,"0"
75802,"0"
75803,"1"
75804,"0"
75805,"1"
75806,"0"
75807,"0"
75808,"1"
75809,"0"
75810,"0"
75811,"0"
75812,"1"
75813,"0"
75814,"0"
75815,"1"
75816,"0"
75817,"1"
75818,"0"
75819,"0"
75820,"0"
75821,"0"
75822,"0"
75823,"0"
75824,"0"
75825,"0"
75826,"0"
75827,"1"
75828,"0"
75829,"1"
75830,"0"
75831,"1"
75832,"0"
75833,"0"
75834,"1"
75835,"0"
75836,"0"
75837,"0"
75838,"0"
75839,"0"
75840,"0"
75841,"1"
75842,"0"
75843,"0"
75844,"0"
75845,"0"
75846,"0"
75847,"0"
75848,"0"
75849,"0"
75850,"0"
75851,"1"
75852,"0"
75853,"0"
75854,"1"
75855,"0"
75856,"0"
75857,"0"
75858,"1"
75859,"1"
75860,"1"
75861,"0"
75862,"1"
75863,"1"
75864,"0"
75865,"1"
75866,"1"
75867,"0"
75868,"0"
75869,"1"
75870,"1"
75871,"1"
75872,"1"
75873,"1"
75874,"1"
75875,"1"
75876,"1"
75877,"0"
75878,"1"
75879,"1"
75880,"0"
75881,"1"
75882,"1"
75883,"1"
75884,"0"
75885,"1"
75886,"1"
75887,"1"
75888,"0"
75889,"1"
75890,"1"
75891,"1"
75892,"1"
75893,"0"
75894,"1"
75895,"0"
75896,"1"
75897,"1"
75898,"1"
75899,"0"
75900,"0"
75901,"0"
75902,"0"
75903,"0"
75904,"0"
75905,"0"
75906,"0"
75907,"1"
75908,"0"
75909,"1"
75910,"1"
75911,"0"
75912,"1"
75913,"0"
75914,"0"
75915,"1"
75916,"0"
75917,"1"
75918,"1"
75919,"1"
75920,"1"
75921,"1"
75922,"1"
75923,"0"
75924,"1"
75925,"0"
75926,"0"
75927,"1"
75928,"0"
75929,"0"
75930,"0"
75931,"0"
75932,"0"
75933,"0"
75934,"0"
75935,"0"
75936,"0"
75937,"0"
75938,"0"
75939,"0"
75940,"0"
75941,"1"
75942,"0"
75943,"0"
75944,"1"
75945,"0"
75946,"0"
75947,"0"
75948,"1"
75949,"0"
75950,"0"
75951,"0"
75952,"0"
75953,"0"
75954,"0"
75955,"0"
75956,"1"
75957,"0"
75958,"0"
75959,"0"
75960,"0"
75961,"0"
75962,"0"
75963,"0"
75964,"1"
75965,"1"
75966,"0"
75967,"1"
75968,"1"
75969,"0"
75970,"0"
75971,"0"
75972,"0"
75973,"0"
75974,"0"
75975,"0"
75976,"0"
75977,"0"
75978,"1"
75979,"0"
75980,"0"
75981,"0"
75982,"0"
75983,"0"
75984,"0"
75985,"1"
75986,"0"
75987,"0"
75988,"0"
75989,"1"
75990,"0"
75991,"0"
75992,"0"
75993,"0"
75994,"1"
75995,"0"
75996,"0"
75997,"1"
75998,"0"
75999,"0"
76000,"0"
76001,"0"
76002,"0"
76003,"1"
76004,"1"
76005,"1"
76006,"0"
76007,"0"
76008,"0"
76009,"1"
76010,"0"
76011,"0"
76012,"0"
76013,"0"
76014,"1"
76015,"0"
76016,"0"
76017,"0"
76018,"0"
76019,"0"
76020,"0"
76021,"0"
76022,"0"
76023,"0"
76024,"0"
76025,"0"
76026,"0"
76027,"0"
76028,"0"
76029,"0"
76030,"0"
76031,"0"
76032,"0"
76033,"0"
76034,"0"
76035,"0"
76036,"1"
76037,"0"
76038,"0"
76039,"0"
76040,"0"
76041,"0"
76042,"0"
76043,"1"
76044,"1"
76045,"1"
76046,"1"
76047,"1"
76048,"0"
76049,"1"
76050,"1"
76051,"1"
76052,"0"
76053,"0"
76054,"1"
76055,"1"
76056,"0"
76057,"0"
76058,"0"
76059,"0"
76060,"0"
76061,"0"
76062,"1"
76063,"1"
76064,"1"
76065,"1"
76066,"0"
76067,"0"
76068,"0"
76069,"1"
76070,"0"
76071,"1"
76072,"1"
76073,"1"
76074,"1"
76075,"0"
76076,"1"
76077,"1"
76078,"1"
76079,"0"
76080,"0"
76081,"0"
76082,"1"
76083,"1"
76084,"1"
76085,"1"
76086,"0"
76087,"0"
76088,"0"
76089,"1"
76090,"1"
76091,"0"
76092,"1"
76093,"1"
76094,"0"
76095,"0"
76096,"0"
76097,"1"
76098,"0"
76099,"0"
76100,"0"
76101,"1"
76102,"1"
76103,"0"
76104,"1"
76105,"1"
76106,"0"
76107,"0"
76108,"0"
76109,"0"
76110,"0"
76111,"0"
76112,"0"
76113,"1"
76114,"0"
76115,"1"
76116,"1"
76117,"0"
76118,"0"
76119,"1"
76120,"0"
76121,"1"
76122,"0"
76123,"1"
76124,"0"
76125,"0"
76126,"0"
76127,"0"
76128,"0"
76129,"0"
76130,"0"
76131,"0"
76132,"0"
76133,"0"
76134,"1"
76135,"0"
76136,"0"
76137,"1"
76138,"0"
76139,"0"
76140,"1"
76141,"0"
76142,"1"
76143,"0"
76144,"0"
76145,"1"
76146,"0"
76147,"1"
76148,"1"
76149,"0"
76150,"0"
76151,"1"
76152,"0"
76153,"0"
76154,"0"
76155,"0"
76156,"0"
76157,"1"
76158,"0"
76159,"0"
76160,"0"
76161,"0"
76162,"1"
76163,"0"
76164,"0"
76165,"1"
76166,"1"
76167,"1"
76168,"0"
76169,"1"
76170,"0"
76171,"1"
76172,"1"
76173,"1"
76174,"1"
76175,"1"
76176,"0"
76177,"1"
76178,"0"
76179,"0"
76180,"1"
76181,"0"
76182,"1"
76183,"1"
76184,"0"
76185,"0"
76186,"1"
76187,"0"
76188,"1"
76189,"0"
76190,"1"
76191,"0"
76192,"0"
76193,"0"
76194,"1"
76195,"0"
76196,"1"
76197,"0"
76198,"0"
76199,"1"
76200,"0"
76201,"1"
76202,"0"
76203,"1"
76204,"0"
76205,"1"
76206,"1"
76207,"0"
76208,"0"
76209,"0"
76210,"0"
76211,"0"
76212,"0"
76213,"0"
76214,"0"
76215,"0"
76216,"0"
76217,"0"
76218,"1"
76219,"0"
76220,"0"
76221,"1"
76222,"0"
76223,"0"
76224,"0"
76225,"1"
76226,"0"
76227,"0"
76228,"0"
76229,"0"
76230,"0"
76231,"0"
76232,"0"
76233,"0"
76234,"0"
76235,"0"
76236,"0"
76237,"0"
76238,"0"
76239,"0"
76240,"0"
76241,"0"
76242,"1"
76243,"1"
76244,"1"
76245,"0"
76246,"0"
76247,"0"
76248,"0"
76249,"1"
76250,"0"
76251,"0"
76252,"0"
76253,"0"
76254,"0"
76255,"0"
76256,"0"
76257,"0"
76258,"0"
76259,"1"
76260,"0"
76261,"1"
76262,"1"
76263,"1"
76264,"0"
76265,"1"
76266,"0"
76267,"0"
76268,"1"
76269,"1"
76270,"0"
76271,"1"
76272,"1"
76273,"0"
76274,"1"
76275,"0"
76276,"1"
76277,"0"
76278,"0"
76279,"1"
76280,"0"
76281,"1"
76282,"1"
76283,"1"
76284,"1"
76285,"0"
76286,"0"
76287,"1"
76288,"1"
76289,"0"
76290,"1"
76291,"1"
76292,"1"
76293,"1"
76294,"1"
76295,"1"
76296,"1"
76297,"0"
76298,"1"
76299,"0"
76300,"1"
76301,"1"
76302,"0"
76303,"0"
76304,"0"
76305,"1"
76306,"0"
76307,"1"
76308,"1"
76309,"1"
76310,"0"
76311,"0"
76312,"0"
76313,"0"
76314,"0"
76315,"0"
76316,"0"
76317,"1"
76318,"1"
76319,"1"
76320,"0"
76321,"0"
76322,"0"
76323,"0"
76324,"0"
76325,"0"
76326,"0"
76327,"0"
76328,"1"
76329,"1"
76330,"1"
76331,"0"
76332,"1"
76333,"0"
76334,"1"
76335,"0"
76336,"0"
76337,"1"
76338,"0"
76339,"1"
76340,"1"
76341,"1"
76342,"1"
76343,"1"
76344,"0"
76345,"0"
76346,"0"
76347,"0"
76348,"0"
76349,"0"
76350,"0"
76351,"1"
76352,"1"
76353,"0"
76354,"0"
76355,"0"
76356,"0"
76357,"0"
76358,"0"
76359,"1"
76360,"0"
76361,"0"
76362,"1"
76363,"1"
76364,"0"
76365,"0"
76366,"0"
76367,"1"
76368,"0"
76369,"0"
76370,"0"
76371,"0"
76372,"1"
76373,"1"
76374,"0"
76375,"0"
76376,"1"
76377,"1"
76378,"0"
76379,"0"
76380,"1"
76381,"1"
76382,"0"
76383,"0"
76384,"0"
76385,"1"
76386,"1"
76387,"0"
76388,"0"
76389,"1"
76390,"0"
76391,"0"
76392,"0"
76393,"0"
76394,"0"
76395,"0"
76396,"0"
76397,"0"
76398,"0"
76399,"0"
76400,"0"
76401,"0"
76402,"0"
76403,"0"
76404,"0"
76405,"1"
76406,"0"
76407,"1"
76408,"1"
76409,"1"
76410,"1"
76411,"0"
76412,"1"
76413,"1"
76414,"1"
76415,"0"
76416,"0"
76417,"0"
76418,"0"
76419,"0"
76420,"0"
76421,"0"
76422,"0"
76423,"0"
76424,"0"
76425,"0"
76426,"0"
76427,"0"
76428,"1"
76429,"0"
76430,"0"
76431,"0"
76432,"1"
76433,"0"
76434,"0"
76435,"0"
76436,"1"
76437,"1"
76438,"0"
76439,"1"
76440,"1"
76441,"0"
76442,"0"
76443,"0"
76444,"0"
76445,"0"
76446,"0"
76447,"0"
76448,"0"
76449,"0"
76450,"0"
76451,"0"
76452,"0"
76453,"0"
76454,"0"
76455,"0"
76456,"0"
76457,"0"
76458,"0"
76459,"0"
76460,"1"
76461,"1"
76462,"0"
76463,"1"
76464,"1"
76465,"0"
76466,"0"
76467,"0"
76468,"0"
76469,"0"
76470,"0"
76471,"0"
76472,"1"
76473,"0"
76474,"0"
76475,"0"
76476,"1"
76477,"1"
76478,"1"
76479,"0"
76480,"0"
76481,"0"
76482,"1"
76483,"0"
76484,"0"
76485,"0"
76486,"0"
76487,"1"
76488,"1"
76489,"0"
76490,"0"
76491,"0"
76492,"0"
76493,"0"
76494,"0"
76495,"0"
76496,"0"
76497,"0"
76498,"0"
76499,"0"
76500,"0"
76501,"0"
76502,"0"
76503,"1"
76504,"0"
76505,"1"
76506,"0"
76507,"1"
76508,"1"
76509,"0"
76510,"0"
76511,"1"
76512,"0"
76513,"0"
76514,"0"
76515,"1"
76516,"0"
76517,"0"
76518,"0"
76519,"1"
76520,"0"
76521,"0"
76522,"0"
76523,"1"
76524,"1"
76525,"1"
76526,"0"
76527,"0"
76528,"1"
76529,"1"
76530,"1"
76531,"1"
76532,"1"
76533,"0"
76534,"0"
76535,"0"
76536,"0"
76537,"0"
76538,"0"
76539,"1"
76540,"0"
76541,"0"
76542,"1"
76543,"0"
76544,"1"
76545,"0"
76546,"0"
76547,"1"
76548,"1"
76549,"0"
76550,"0"
76551,"0"
76552,"0"
76553,"1"
76554,"0"
76555,"1"
76556,"0"
76557,"0"
76558,"1"
76559,"0"
76560,"1"
76561,"0"
76562,"0"
76563,"0"
76564,"0"
76565,"0"
76566,"0"
76567,"0"
76568,"1"
76569,"1"
76570,"1"
76571,"0"
76572,"1"
76573,"0"
76574,"1"
76575,"1"
76576,"1"
76577,"0"
76578,"1"
76579,"1"
76580,"0"
76581,"0"
76582,"0"
76583,"0"
76584,"0"
76585,"1"
76586,"1"
76587,"0"
76588,"1"
76589,"1"
76590,"1"
76591,"0"
76592,"0"
76593,"0"
76594,"0"
76595,"0"
76596,"0"
76597,"1"
76598,"1"
76599,"0"
76600,"0"
76601,"0"
76602,"1"
76603,"1"
76604,"0"
76605,"1"
76606,"1"
76607,"1"
76608,"0"
76609,"1"
76610,"1"
76611,"1"
76612,"0"
76613,"0"
76614,"0"
76615,"1"
76616,"1"
76617,"0"
76618,"1"
76619,"0"
76620,"1"
76621,"0"
76622,"1"
76623,"1"
76624,"0"
76625,"1"
76626,"1"
76627,"0"
76628,"1"
76629,"0"
76630,"0"
76631,"0"
76632,"0"
76633,"1"
76634,"1"
76635,"0"
76636,"0"
76637,"0"
76638,"0"
76639,"0"
76640,"1"
76641,"0"
76642,"0"
76643,"0"
76644,"0"
76645,"1"
76646,"0"
76647,"1"
76648,"0"
76649,"0"
76650,"1"
76651,"0"
76652,"0"
76653,"0"
76654,"1"
76655,"1"
76656,"0"
76657,"1"
76658,"1"
76659,"0"
76660,"1"
76661,"1"
76662,"1"
76663,"0"
76664,"0"
76665,"0"
76666,"0"
76667,"0"
76668,"1"
76669,"1"
76670,"0"
76671,"0"
76672,"0"
76673,"1"
76674,"0"
76675,"1"
76676,"1"
76677,"0"
76678,"0"
76679,"1"
76680,"0"
76681,"0"
76682,"0"
76683,"1"
76684,"0"
76685,"0"
76686,"0"
76687,"0"
76688,"1"
76689,"1"
76690,"0"
76691,"1"
76692,"1"
76693,"0"
76694,"0"
76695,"0"
76696,"0"
76697,"1"
76698,"0"
76699,"0"
76700,"1"
76701,"0"
76702,"0"
76703,"0"
76704,"0"
76705,"1"
76706,"1"
76707,"0"
76708,"1"
76709,"1"
76710,"0"
76711,"1"
76712,"0"
76713,"0"
76714,"0"
76715,"0"
76716,"0"
76717,"0"
76718,"0"
76719,"1"
76720,"0"
76721,"1"
76722,"1"
76723,"0"
76724,"0"
76725,"1"
76726,"1"
76727,"0"
76728,"1"
76729,"0"
76730,"1"
76731,"0"
76732,"0"
76733,"0"
76734,"1"
76735,"0"
76736,"0"
76737,"0"
76738,"0"
76739,"0"
76740,"0"
76741,"0"
76742,"0"
76743,"1"
76744,"0"
76745,"0"
76746,"1"
76747,"0"
76748,"1"
76749,"0"
76750,"0"
76751,"0"
76752,"0"
76753,"0"
76754,"0"
76755,"0"
76756,"0"
76757,"0"
76758,"0"
76759,"0"
76760,"0"
76761,"1"
76762,"1"
76763,"1"
76764,"0"
76765,"0"
76766,"1"
76767,"0"
76768,"0"
76769,"0"
76770,"1"
76771,"0"
76772,"0"
76773,"1"
76774,"1"
76775,"1"
76776,"0"
76777,"0"
76778,"0"
76779,"1"
76780,"1"
76781,"0"
76782,"0"
76783,"0"
76784,"0"
76785,"1"
76786,"1"
76787,"0"
76788,"1"
76789,"0"
76790,"1"
76791,"0"
76792,"0"
76793,"1"
76794,"1"
76795,"0"
76796,"1"
76797,"1"
76798,"0"
76799,"0"
76800,"1"
76801,"0"
76802,"0"
76803,"0"
76804,"0"
76805,"0"
76806,"0"
76807,"1"
76808,"0"
76809,"0"
76810,"0"
76811,"0"
76812,"0"
76813,"0"
76814,"1"
76815,"0"
76816,"0"
76817,"1"
76818,"1"
76819,"1"
76820,"1"
76821,"0"
76822,"0"
76823,"0"
76824,"1"
76825,"1"
76826,"1"
76827,"1"
76828,"0"
76829,"0"
76830,"0"
76831,"1"
76832,"0"
76833,"1"
76834,"0"
76835,"1"
76836,"1"
76837,"0"
76838,"0"
76839,"0"
76840,"1"
76841,"0"
76842,"1"
76843,"1"
76844,"0"
76845,"0"
76846,"0"
76847,"0"
76848,"0"
76849,"0"
76850,"1"
76851,"1"
76852,"0"
76853,"0"
76854,"0"
76855,"0"
76856,"0"
76857,"0"
76858,"1"
76859,"0"
76860,"0"
76861,"0"
76862,"0"
76863,"0"
76864,"0"
76865,"0"
76866,"0"
76867,"0"
76868,"0"
76869,"0"
76870,"0"
76871,"0"
76872,"0"
76873,"0"
76874,"0"
76875,"0"
76876,"0"
76877,"0"
76878,"0"
76879,"0"
76880,"1"
76881,"0"
76882,"0"
76883,"0"
76884,"0"
76885,"0"
76886,"1"
76887,"0"
76888,"0"
76889,"0"
76890,"0"
76891,"0"
76892,"0"
76893,"0"
76894,"0"
76895,"0"
76896,"0"
76897,"0"
76898,"1"
76899,"0"
76900,"0"
76901,"0"
76902,"0"
76903,"0"
76904,"0"
76905,"1"
76906,"0"
76907,"0"
76908,"1"
76909,"0"
76910,"1"
76911,"1"
76912,"0"
76913,"1"
76914,"0"
76915,"1"
76916,"1"
76917,"1"
76918,"0"
76919,"1"
76920,"0"
76921,"1"
76922,"1"
76923,"1"
76924,"0"
76925,"1"
76926,"1"
76927,"0"
76928,"0"
76929,"1"
76930,"0"
76931,"1"
76932,"1"
76933,"1"
76934,"0"
76935,"1"
76936,"1"
76937,"0"
76938,"1"
76939,"1"
76940,"1"
76941,"0"
76942,"0"
76943,"0"
76944,"1"
76945,"1"
76946,"0"
76947,"1"
76948,"1"
76949,"0"
76950,"1"
76951,"0"
76952,"0"
76953,"0"
76954,"0"
76955,"0"
76956,"0"
76957,"1"
76958,"1"
76959,"0"
76960,"0"
76961,"0"
76962,"0"
76963,"1"
76964,"1"
76965,"1"
76966,"0"
76967,"1"
76968,"1"
76969,"0"
76970,"0"
76971,"0"
76972,"1"
76973,"0"
76974,"1"
76975,"1"
76976,"1"
76977,"1"
76978,"1"
76979,"1"
76980,"0"
76981,"0"
76982,"1"
76983,"0"
76984,"0"
76985,"0"
76986,"0"
76987,"0"
76988,"0"
76989,"0"
76990,"1"
76991,"0"
76992,"0"
76993,"1"
76994,"0"
76995,"1"
76996,"0"
76997,"1"
76998,"0"
76999,"0"
77000,"1"
77001,"0"
77002,"0"
77003,"0"
77004,"0"
77005,"1"
77006,"0"
77007,"0"
77008,"1"
77009,"0"
77010,"0"
77011,"0"
77012,"0"
77013,"1"
77014,"1"
77015,"0"
77016,"0"
77017,"0"
77018,"0"
77019,"1"
77020,"1"
77021,"0"
77022,"1"
77023,"0"
77024,"0"
77025,"1"
77026,"1"
77027,"1"
77028,"0"
77029,"1"
77030,"1"
77031,"1"
77032,"1"
77033,"0"
77034,"0"
77035,"0"
77036,"0"
77037,"1"
77038,"0"
77039,"0"
77040,"0"
77041,"0"
77042,"0"
77043,"1"
77044,"0"
77045,"0"
77046,"0"
77047,"0"
77048,"0"
77049,"1"
77050,"1"
77051,"1"
77052,"0"
77053,"0"
77054,"1"
77055,"1"
77056,"1"
77057,"0"
77058,"0"
77059,"0"
77060,"1"
77061,"0"
77062,"0"
77063,"1"
77064,"0"
77065,"0"
77066,"0"
77067,"0"
77068,"0"
77069,"0"
77070,"0"
77071,"0"
77072,"0"
77073,"0"
77074,"0"
77075,"0"
77076,"0"
77077,"1"
77078,"0"
77079,"1"
77080,"0"
77081,"0"
77082,"1"
77083,"1"
77084,"0"
77085,"0"
77086,"1"
77087,"0"
77088,"0"
77089,"0"
77090,"0"
77091,"0"
77092,"1"
77093,"0"
77094,"0"
77095,"1"
77096,"0"
77097,"0"
77098,"0"
77099,"0"
77100,"1"
77101,"0"
77102,"0"
77103,"0"
77104,"0"
77105,"0"
77106,"0"
77107,"0"
77108,"0"
77109,"0"
77110,"0"
77111,"1"
77112,"0"
77113,"1"
77114,"0"
77115,"0"
77116,"1"
77117,"0"
77118,"1"
77119,"0"
77120,"0"
77121,"0"
77122,"1"
77123,"0"
77124,"1"
77125,"0"
77126,"0"
77127,"0"
77128,"1"
77129,"1"
77130,"0"
77131,"0"
77132,"0"
77133,"0"
77134,"0"
77135,"0"
77136,"0"
77137,"0"
77138,"0"
77139,"0"
77140,"0"
77141,"1"
77142,"1"
77143,"1"
77144,"1"
77145,"1"
77146,"1"
77147,"1"
77148,"1"
77149,"1"
77150,"0"
77151,"1"
77152,"0"
77153,"1"
77154,"0"
77155,"1"
77156,"1"
77157,"1"
77158,"1"
77159,"0"
77160,"0"
77161,"0"
77162,"0"
77163,"1"
77164,"1"
77165,"1"
77166,"1"
77167,"1"
77168,"1"
77169,"1"
77170,"0"
77171,"0"
77172,"0"
77173,"0"
77174,"1"
77175,"0"
77176,"0"
77177,"0"
77178,"0"
77179,"0"
77180,"0"
77181,"0"
77182,"0"
77183,"1"
77184,"1"
77185,"1"
77186,"1"
77187,"0"
77188,"1"
77189,"0"
77190,"1"
77191,"1"
77192,"1"
77193,"1"
77194,"1"
77195,"1"
77196,"0"
77197,"1"
77198,"0"
77199,"0"
77200,"0"
77201,"0"
77202,"0"
77203,"1"
77204,"0"
77205,"0"
77206,"0"
77207,"1"
77208,"0"
77209,"0"
77210,"1"
77211,"1"
77212,"0"
77213,"0"
77214,"0"
77215,"0"
77216,"0"
77217,"1"
77218,"0"
77219,"0"
77220,"0"
77221,"1"
77222,"1"
77223,"0"
77224,"0"
77225,"0"
77226,"0"
77227,"0"
77228,"0"
77229,"0"
77230,"1"
77231,"0"
77232,"0"
77233,"0"
77234,"0"
77235,"0"
77236,"0"
77237,"0"
77238,"0"
77239,"0"
77240,"0"
77241,"0"
77242,"1"
77243,"0"
77244,"1"
77245,"1"
77246,"0"
77247,"0"
77248,"0"
77249,"1"
77250,"0"
77251,"0"
77252,"0"
77253,"1"
77254,"0"
77255,"1"
77256,"0"
77257,"0"
77258,"1"
77259,"1"
77260,"1"
77261,"1"
77262,"1"
77263,"1"
77264,"0"
77265,"1"
77266,"1"
77267,"1"
77268,"1"
77269,"1"
77270,"0"
77271,"0"
77272,"0"
77273,"0"
77274,"0"
77275,"1"
77276,"0"
77277,"0"
77278,"0"
77279,"1"
77280,"0"
77281,"1"
77282,"1"
77283,"1"
77284,"1"
77285,"1"
77286,"0"
77287,"1"
77288,"1"
77289,"1"
77290,"0"
77291,"0"
77292,"0"
77293,"0"
77294,"1"
77295,"0"
77296,"1"
77297,"0"
77298,"0"
77299,"0"
77300,"0"
77301,"1"
77302,"0"
77303,"0"
77304,"0"
77305,"0"
77306,"0"
77307,"0"
77308,"0"
77309,"0"
77310,"0"
77311,"0"
77312,"1"
77313,"0"
77314,"1"
77315,"1"
77316,"1"
77317,"0"
77318,"0"
77319,"0"
77320,"0"
77321,"0"
77322,"0"
77323,"0"
77324,"0"
77325,"0"
77326,"1"
77327,"1"
77328,"0"
77329,"1"
77330,"0"
77331,"0"
77332,"0"
77333,"1"
77334,"1"
77335,"0"
77336,"1"
77337,"0"
77338,"0"
77339,"0"
77340,"1"
77341,"0"
77342,"0"
77343,"0"
77344,"0"
77345,"1"
77346,"0"
77347,"0"
77348,"1"
77349,"1"
77350,"1"
77351,"0"
77352,"1"
77353,"1"
77354,"0"
77355,"1"
77356,"1"
77357,"0"
77358,"1"
77359,"1"
77360,"1"
77361,"1"
77362,"1"
77363,"1"
77364,"0"
77365,"0"
77366,"0"
77367,"1"
77368,"0"
77369,"0"
77370,"0"
77371,"1"
77372,"1"
77373,"1"
77374,"1"
77375,"0"
77376,"0"
77377,"1"
77378,"0"
77379,"0"
77380,"0"
77381,"0"
77382,"0"
77383,"0"
77384,"1"
77385,"0"
77386,"0"
77387,"0"
77388,"0"
77389,"0"
77390,"1"
77391,"0"
77392,"0"
77393,"0"
77394,"1"
77395,"1"
77396,"0"
77397,"0"
77398,"1"
77399,"0"
77400,"0"
77401,"1"
77402,"0"
77403,"1"
77404,"0"
77405,"0"
77406,"1"
77407,"1"
77408,"0"
77409,"0"
77410,"0"
77411,"0"
77412,"0"
77413,"0"
77414,"1"
77415,"0"
77416,"0"
77417,"0"
77418,"0"
77419,"0"
77420,"0"
77421,"0"
77422,"1"
77423,"0"
77424,"0"
77425,"1"
77426,"0"
77427,"0"
77428,"0"
77429,"0"
77430,"0"
77431,"0"
77432,"0"
77433,"0"
77434,"0"
77435,"0"
77436,"0"
77437,"0"
77438,"1"
77439,"0"
77440,"0"
77441,"0"
77442,"0"
77443,"1"
77444,"0"
77445,"0"
77446,"0"
77447,"0"
77448,"0"
77449,"0"
77450,"0"
77451,"0"
77452,"0"
77453,"0"
77454,"1"
77455,"1"
77456,"0"
77457,"0"
77458,"0"
77459,"1"
77460,"0"
77461,"1"
77462,"1"
77463,"0"
77464,"1"
77465,"1"
77466,"1"
77467,"0"
77468,"0"
77469,"1"
77470,"1"
77471,"0"
77472,"1"
77473,"1"
77474,"0"
77475,"0"
77476,"1"
77477,"1"
77478,"1"
77479,"0"
77480,"1"
77481,"0"
77482,"0"
77483,"0"
77484,"1"
77485,"1"
77486,"0"
77487,"1"
77488,"1"
77489,"0"
77490,"0"
77491,"1"
77492,"0"
77493,"0"
77494,"0"
77495,"0"
77496,"0"
77497,"0"
77498,"0"
77499,"0"
77500,"0"
77501,"1"
77502,"1"
77503,"0"
77504,"0"
77505,"0"
77506,"1"
77507,"0"
77508,"1"
77509,"0"
77510,"1"
77511,"0"
77512,"1"
77513,"0"
77514,"0"
77515,"0"
77516,"0"
77517,"1"
77518,"1"
77519,"0"
77520,"0"
77521,"0"
77522,"0"
77523,"0"
77524,"1"
77525,"1"
77526,"0"
77527,"0"
77528,"0"
77529,"0"
77530,"0"
77531,"0"
77532,"0"
77533,"0"
77534,"0"
77535,"1"
77536,"1"
77537,"1"
77538,"0"
77539,"1"
77540,"1"
77541,"0"
77542,"1"
77543,"0"
77544,"1"
77545,"1"
77546,"0"
77547,"0"
77548,"0"
77549,"0"
77550,"0"
77551,"0"
77552,"0"
77553,"0"
77554,"0"
77555,"0"
77556,"0"
77557,"0"
77558,"0"
77559,"0"
77560,"0"
77561,"0"
77562,"0"
77563,"0"
77564,"1"
77565,"0"
77566,"1"
77567,"0"
77568,"0"
77569,"0"
77570,"1"
77571,"0"
77572,"0"
77573,"1"
77574,"0"
77575,"0"
77576,"0"
77577,"0"
77578,"0"
77579,"1"
77580,"1"
77581,"0"
77582,"1"
77583,"1"
77584,"0"
77585,"0"
77586,"0"
77587,"0"
77588,"0"
77589,"0"
77590,"0"
77591,"0"
77592,"0"
77593,"1"
77594,"1"
77595,"0"
77596,"1"
77597,"0"
77598,"1"
77599,"0"
77600,"1"
77601,"1"
77602,"0"
77603,"1"
77604,"0"
77605,"0"
77606,"0"
77607,"0"
77608,"0"
77609,"0"
77610,"1"
77611,"1"
77612,"1"
77613,"0"
77614,"1"
77615,"0"
77616,"0"
77617,"1"
77618,"0"
77619,"0"
77620,"0"
77621,"1"
77622,"0"
77623,"1"
77624,"1"
77625,"1"
77626,"1"
77627,"1"
77628,"1"
77629,"1"
77630,"0"
77631,"1"
77632,"1"
77633,"0"
77634,"0"
77635,"1"
77636,"0"
77637,"0"
77638,"0"
77639,"0"
77640,"0"
77641,"0"
77642,"0"
77643,"0"
77644,"1"
77645,"0"
77646,"1"
77647,"0"
77648,"0"
77649,"0"
77650,"0"
77651,"0"
77652,"0"
77653,"0"
77654,"0"
77655,"0"
77656,"0"
77657,"0"
77658,"0"
77659,"0"
77660,"0"
77661,"0"
77662,"0"
77663,"0"
77664,"0"
77665,"0"
77666,"0"
77667,"0"
77668,"0"
77669,"1"
77670,"0"
77671,"0"
77672,"0"
77673,"0"
77674,"0"
77675,"0"
77676,"0"
77677,"1"
77678,"0"
77679,"0"
77680,"0"
77681,"1"
77682,"0"
77683,"0"
77684,"0"
77685,"0"
77686,"0"
77687,"1"
77688,"0"
77689,"0"
77690,"0"
77691,"0"
77692,"1"
77693,"0"
77694,"0"
77695,"0"
77696,"0"
77697,"0"
77698,"0"
77699,"1"
77700,"1"
77701,"1"
77702,"0"
77703,"1"
77704,"0"
77705,"0"
77706,"0"
77707,"1"
77708,"1"
77709,"1"
77710,"1"
77711,"1"
77712,"0"
77713,"1"
77714,"0"
77715,"0"
77716,"0"
77717,"1"
77718,"0"
77719,"1"
77720,"0"
77721,"1"
77722,"0"
77723,"1"
77724,"1"
77725,"0"
77726,"0"
77727,"0"
77728,"0"
77729,"1"
77730,"0"
77731,"0"
77732,"1"
77733,"0"
77734,"0"
77735,"0"
77736,"1"
77737,"0"
77738,"0"
77739,"0"
77740,"0"
77741,"0"
77742,"0"
77743,"1"
77744,"1"
77745,"1"
77746,"1"
77747,"0"
77748,"1"
77749,"0"
77750,"1"
77751,"0"
77752,"1"
77753,"1"
77754,"0"
77755,"0"
77756,"1"
77757,"0"
77758,"1"
77759,"1"
77760,"1"
77761,"0"
77762,"0"
77763,"0"
77764,"1"
77765,"0"
77766,"1"
77767,"1"
77768,"1"
77769,"1"
77770,"0"
77771,"1"
77772,"0"
77773,"1"
77774,"1"
77775,"1"
77776,"0"
77777,"1"
77778,"1"
77779,"0"
77780,"0"
77781,"1"
77782,"1"
77783,"1"
77784,"1"
77785,"0"
77786,"1"
77787,"1"
77788,"1"
77789,"1"
77790,"1"
77791,"1"
77792,"0"
77793,"1"
77794,"0"
77795,"0"
77796,"0"
77797,"0"
77798,"1"
77799,"0"
77800,"0"
77801,"1"
77802,"1"
77803,"1"
77804,"0"
77805,"1"
77806,"1"
77807,"0"
77808,"0"
77809,"0"
77810,"0"
77811,"0"
77812,"0"
77813,"0"
77814,"0"
77815,"0"
77816,"1"
77817,"0"
77818,"0"
77819,"0"
77820,"1"
77821,"0"
77822,"1"
77823,"1"
77824,"1"
77825,"1"
77826,"0"
77827,"0"
77828,"1"
77829,"1"
77830,"0"
77831,"0"
77832,"1"
77833,"0"
77834,"1"
77835,"0"
77836,"1"
77837,"0"
77838,"0"
77839,"0"
77840,"0"
77841,"0"
77842,"0"
77843,"1"
77844,"0"
77845,"0"
77846,"0"
77847,"0"
77848,"0"
77849,"1"
77850,"0"
77851,"0"
77852,"1"
77853,"1"
77854,"1"
77855,"1"
77856,"1"
77857,"0"
77858,"1"
77859,"1"
77860,"1"
77861,"0"
77862,"0"
77863,"1"
77864,"1"
77865,"1"
77866,"1"
77867,"0"
77868,"0"
77869,"0"
77870,"0"
77871,"1"
77872,"0"
77873,"0"
77874,"0"
77875,"1"
77876,"1"
77877,"1"
77878,"1"
77879,"0"
77880,"0"
77881,"1"
77882,"1"
77883,"0"
77884,"1"
77885,"0"
77886,"0"
77887,"1"
77888,"0"
77889,"0"
77890,"1"
77891,"0"
77892,"0"
77893,"1"
77894,"0"
77895,"0"
77896,"0"
77897,"0"
77898,"1"
77899,"0"
77900,"0"
77901,"1"
77902,"1"
77903,"0"
77904,"0"
77905,"0"
77906,"0"
77907,"1"
77908,"1"
77909,"0"
77910,"1"
77911,"0"
77912,"0"
77913,"0"
77914,"1"
77915,"0"
77916,"0"
77917,"1"
77918,"0"
77919,"0"
77920,"0"
77921,"0"
77922,"0"
77923,"0"
77924,"1"
77925,"0"
77926,"1"
77927,"1"
77928,"0"
77929,"1"
77930,"0"
77931,"0"
77932,"0"
77933,"0"
77934,"0"
77935,"0"
77936,"0"
77937,"1"
77938,"1"
77939,"0"
77940,"0"
77941,"1"
77942,"0"
77943,"0"
77944,"0"
77945,"0"
77946,"0"
77947,"0"
77948,"0"
77949,"0"
77950,"0"
77951,"0"
77952,"0"
77953,"0"
77954,"0"
77955,"1"
77956,"0"
77957,"0"
77958,"0"
77959,"0"
77960,"0"
77961,"0"
77962,"0"
77963,"0"
77964,"0"
77965,"0"
77966,"0"
77967,"0"
77968,"0"
77969,"0"
77970,"0"
77971,"0"
77972,"0"
77973,"0"
77974,"1"
77975,"0"
77976,"0"
77977,"0"
77978,"0"
77979,"0"
77980,"1"
77981,"1"
77982,"1"
77983,"0"
77984,"1"
77985,"0"
77986,"0"
77987,"0"
77988,"1"
77989,"1"
77990,"1"
77991,"1"
77992,"0"
77993,"1"
77994,"1"
77995,"1"
77996,"1"
77997,"1"
77998,"1"
77999,"1"
78000,"0"
78001,"1"
78002,"1"
78003,"0"
78004,"1"
78005,"0"
78006,"1"
78007,"0"
78008,"0"
78009,"0"
78010,"1"
78011,"1"
78012,"0"
78013,"0"
78014,"1"
78015,"1"
78016,"0"
78017,"1"
78018,"0"
78019,"1"
78020,"0"
78021,"0"
78022,"0"
78023,"1"
78024,"0"
78025,"0"
78026,"0"
78027,"0"
78028,"0"
78029,"1"
78030,"0"
78031,"0"
78032,"0"
78033,"0"
78034,"0"
78035,"0"
78036,"0"
78037,"0"
78038,"0"
78039,"0"
78040,"0"
78041,"1"
78042,"1"
78043,"0"
78044,"1"
78045,"0"
78046,"1"
78047,"0"
78048,"1"
78049,"0"
78050,"0"
78051,"0"
78052,"1"
78053,"1"
78054,"0"
78055,"0"
78056,"0"
78057,"0"
78058,"0"
78059,"0"
78060,"0"
78061,"0"
78062,"0"
78063,"1"
78064,"0"
78065,"0"
78066,"0"
78067,"0"
78068,"0"
78069,"0"
78070,"0"
78071,"0"
78072,"1"
78073,"1"
78074,"0"
78075,"0"
78076,"1"
78077,"0"
78078,"0"
78079,"0"
78080,"1"
78081,"0"
78082,"0"
78083,"0"
78084,"0"
78085,"0"
78086,"0"
78087,"0"
78088,"0"
78089,"1"
78090,"0"
78091,"0"
78092,"0"
78093,"0"
78094,"1"
78095,"0"
78096,"0"
78097,"0"
78098,"0"
78099,"0"
78100,"0"
78101,"1"
78102,"0"
78103,"0"
78104,"0"
78105,"0"
78106,"0"
78107,"0"
78108,"0"
78109,"0"
78110,"0"
78111,"0"
78112,"0"
78113,"0"
78114,"0"
78115,"1"
78116,"0"
78117,"0"
78118,"0"
78119,"0"
78120,"0"
78121,"0"
78122,"0"
78123,"1"
78124,"0"
78125,"1"
78126,"0"
78127,"1"
78128,"0"
78129,"1"
78130,"0"
78131,"1"
78132,"1"
78133,"0"
78134,"0"
78135,"0"
78136,"0"
78137,"0"
78138,"0"
78139,"0"
78140,"1"
78141,"0"
78142,"0"
78143,"1"
78144,"1"
78145,"1"
78146,"1"
78147,"0"
78148,"0"
78149,"0"
78150,"1"
78151,"0"
78152,"1"
78153,"0"
78154,"1"
78155,"1"
78156,"1"
78157,"1"
78158,"1"
78159,"1"
78160,"0"
78161,"1"
78162,"1"
78163,"1"
78164,"1"
78165,"1"
78166,"0"
78167,"1"
78168,"1"
78169,"0"
78170,"0"
78171,"1"
78172,"0"
78173,"1"
78174,"1"
78175,"1"
78176,"1"
78177,"1"
78178,"1"
78179,"1"
78180,"0"
78181,"0"
78182,"0"
78183,"1"
78184,"0"
78185,"1"
78186,"1"
78187,"1"
78188,"1"
78189,"1"
78190,"1"
78191,"1"
78192,"1"
78193,"1"
78194,"0"
78195,"0"
78196,"1"
78197,"1"
78198,"0"
78199,"1"
78200,"1"
78201,"1"
78202,"1"
78203,"0"
78204,"1"
78205,"0"
78206,"0"
78207,"0"
78208,"1"
78209,"0"
78210,"0"
78211,"0"
78212,"0"
78213,"0"
78214,"0"
78215,"1"
78216,"0"
78217,"0"
78218,"0"
78219,"1"
78220,"0"
78221,"0"
78222,"0"
78223,"1"
78224,"0"
78225,"0"
78226,"0"
78227,"0"
78228,"1"
78229,"0"
78230,"0"
78231,"0"
78232,"1"
78233,"1"
78234,"0"
78235,"0"
78236,"0"
78237,"0"
78238,"1"
78239,"0"
78240,"0"
78241,"0"
78242,"0"
78243,"0"
78244,"1"
78245,"1"
78246,"0"
78247,"0"
78248,"0"
78249,"0"
78250,"0"
78251,"0"
78252,"0"
78253,"0"
78254,"1"
78255,"0"
78256,"1"
78257,"1"
78258,"1"
78259,"1"
78260,"0"
78261,"0"
78262,"1"
78263,"0"
78264,"0"
78265,"0"
78266,"1"
78267,"1"
78268,"1"
78269,"0"
78270,"1"
78271,"0"
78272,"1"
78273,"0"
78274,"0"
78275,"0"
78276,"0"
78277,"0"
78278,"1"
78279,"0"
78280,"0"
78281,"1"
78282,"0"
78283,"0"
78284,"1"
78285,"0"
78286,"0"
78287,"1"
78288,"0"
78289,"1"
78290,"0"
78291,"1"
78292,"1"
78293,"1"
78294,"1"
78295,"1"
78296,"0"
78297,"0"
78298,"0"
78299,"1"
78300,"1"
78301,"1"
78302,"0"
78303,"1"
78304,"1"
78305,"1"
78306,"1"
78307,"0"
78308,"1"
78309,"0"
78310,"1"
78311,"0"
78312,"1"
78313,"0"
78314,"1"
78315,"0"
78316,"0"
78317,"0"
78318,"0"
78319,"0"
78320,"0"
78321,"1"
78322,"0"
78323,"0"
78324,"1"
78325,"0"
78326,"1"
78327,"1"
78328,"0"
78329,"1"
78330,"0"
78331,"0"
78332,"1"
78333,"0"
78334,"1"
78335,"0"
78336,"0"
78337,"0"
78338,"1"
78339,"0"
78340,"0"
78341,"1"
78342,"1"
78343,"0"
78344,"1"
78345,"1"
78346,"0"
78347,"0"
78348,"0"
78349,"1"
78350,"0"
78351,"0"
78352,"0"
78353,"0"
78354,"0"
78355,"0"
78356,"1"
78357,"0"
78358,"0"
78359,"0"
78360,"0"
78361,"1"
78362,"0"
78363,"0"
78364,"0"
78365,"1"
78366,"1"
78367,"0"
78368,"0"
78369,"0"
78370,"1"
78371,"0"
78372,"0"
78373,"0"
78374,"0"
78375,"0"
78376,"0"
78377,"1"
78378,"0"
78379,"0"
78380,"0"
78381,"1"
78382,"0"
78383,"0"
78384,"0"
78385,"0"
78386,"1"
78387,"0"
78388,"1"
78389,"0"
78390,"0"
78391,"1"
78392,"1"
78393,"0"
78394,"0"
78395,"0"
78396,"1"
78397,"1"
78398,"0"
78399,"0"
78400,"0"
78401,"1"
78402,"0"
78403,"0"
78404,"0"
78405,"0"
78406,"1"
78407,"0"
78408,"0"
78409,"0"
78410,"0"
78411,"0"
78412,"0"
78413,"0"
78414,"0"
78415,"0"
78416,"0"
78417,"0"
78418,"0"
78419,"0"
78420,"1"
78421,"0"
78422,"1"
78423,"0"
78424,"0"
78425,"0"
78426,"1"
78427,"1"
78428,"1"
78429,"1"
78430,"1"
78431,"1"
78432,"1"
78433,"1"
78434,"0"
78435,"0"
78436,"1"
78437,"0"
78438,"0"
78439,"1"
78440,"0"
78441,"1"
78442,"0"
78443,"1"
78444,"1"
78445,"1"
78446,"0"
78447,"1"
78448,"1"
78449,"0"
78450,"1"
78451,"1"
78452,"0"
78453,"0"
78454,"1"
78455,"0"
78456,"0"
78457,"1"
78458,"0"
78459,"0"
78460,"1"
78461,"0"
78462,"0"
78463,"1"
78464,"1"
78465,"0"
78466,"0"
78467,"1"
78468,"0"
78469,"0"
78470,"0"
78471,"1"
78472,"0"
78473,"1"
78474,"0"
78475,"1"
78476,"0"
78477,"0"
78478,"0"
78479,"0"
78480,"0"
78481,"0"
78482,"1"
78483,"0"
78484,"1"
78485,"1"
78486,"0"
78487,"0"
78488,"1"
78489,"1"
78490,"0"
78491,"1"
78492,"1"
78493,"1"
78494,"0"
78495,"1"
78496,"0"
78497,"0"
78498,"0"
78499,"0"
78500,"0"
78501,"0"
78502,"0"
78503,"0"
78504,"0"
78505,"0"
78506,"0"
78507,"0"
78508,"0"
78509,"0"
78510,"0"
78511,"0"
78512,"0"
78513,"0"
78514,"0"
78515,"1"
78516,"0"
78517,"0"
78518,"0"
78519,"0"
78520,"1"
78521,"0"
78522,"0"
78523,"1"
78524,"0"
78525,"0"
78526,"0"
78527,"1"
78528,"1"
78529,"0"
78530,"0"
78531,"0"
78532,"1"
78533,"0"
78534,"1"
78535,"0"
78536,"0"
78537,"0"
78538,"1"
78539,"0"
78540,"0"
78541,"0"
78542,"0"
78543,"0"
78544,"0"
78545,"0"
78546,"0"
78547,"0"
78548,"0"
78549,"1"
78550,"0"
78551,"0"
78552,"0"
78553,"1"
78554,"1"
78555,"0"
78556,"1"
78557,"0"
78558,"1"
78559,"1"
78560,"1"
78561,"1"
78562,"1"
78563,"0"
78564,"0"
78565,"1"
78566,"0"
78567,"0"
78568,"0"
78569,"0"
78570,"0"
78571,"0"
78572,"0"
78573,"0"
78574,"0"
78575,"0"
78576,"1"
78577,"0"
78578,"0"
78579,"0"
78580,"0"
78581,"0"
78582,"0"
78583,"0"
78584,"0"
78585,"0"
78586,"0"
78587,"0"
78588,"0"
78589,"0"
78590,"0"
78591,"0"
78592,"0"
78593,"0"
78594,"0"
78595,"1"
78596,"0"
78597,"0"
78598,"0"
78599,"1"
78600,"1"
78601,"0"
78602,"0"
78603,"1"
78604,"1"
78605,"1"
78606,"1"
78607,"0"
78608,"0"
78609,"1"
78610,"1"
78611,"0"
78612,"0"
78613,"0"
78614,"0"
78615,"1"
78616,"0"
78617,"0"
78618,"0"
78619,"1"
78620,"0"
78621,"0"
78622,"1"
78623,"0"
78624,"0"
78625,"0"
78626,"1"
78627,"1"
78628,"1"
78629,"1"
78630,"0"
78631,"1"
78632,"0"
78633,"1"
78634,"1"
78635,"1"
78636,"0"
78637,"0"
78638,"0"
78639,"0"
78640,"0"
78641,"0"
78642,"0"
78643,"0"
78644,"0"
78645,"0"
78646,"0"
78647,"0"
78648,"0"
78649,"0"
78650,"0"
78651,"0"
78652,"0"
78653,"0"
78654,"0"
78655,"0"
78656,"0"
78657,"0"
78658,"1"
78659,"0"
78660,"0"
78661,"0"
78662,"0"
78663,"0"
78664,"0"
78665,"0"
78666,"0"
78667,"0"
78668,"0"
78669,"0"
78670,"0"
78671,"0"
78672,"0"
78673,"0"
78674,"0"
78675,"0"
78676,"0"
78677,"0"
78678,"0"
78679,"0"
78680,"0"
78681,"0"
78682,"0"
78683,"0"
78684,"0"
78685,"1"
78686,"0"
78687,"0"
78688,"0"
78689,"0"
78690,"0"
78691,"0"
78692,"0"
78693,"0"
78694,"0"
78695,"0"
78696,"0"
78697,"0"
78698,"0"
78699,"0"
78700,"0"
78701,"0"
78702,"0"
78703,"0"
78704,"0"
78705,"1"
78706,"0"
78707,"1"
78708,"1"
78709,"1"
78710,"1"
78711,"0"
78712,"0"
78713,"0"
78714,"0"
78715,"1"
78716,"0"
78717,"1"
78718,"1"
78719,"0"
78720,"0"
78721,"1"
78722,"1"
78723,"0"
78724,"0"
78725,"1"
78726,"0"
78727,"0"
78728,"1"
78729,"0"
78730,"1"
78731,"1"
78732,"1"
78733,"1"
78734,"1"
78735,"1"
78736,"0"
78737,"0"
78738,"1"
78739,"1"
78740,"1"
78741,"0"
78742,"1"
78743,"0"
78744,"1"
78745,"1"
78746,"1"
78747,"1"
78748,"0"
78749,"1"
78750,"1"
78751,"1"
78752,"0"
78753,"0"
78754,"0"
78755,"0"
78756,"0"
78757,"0"
78758,"1"
78759,"0"
78760,"0"
78761,"0"
78762,"0"
78763,"0"
78764,"0"
78765,"0"
78766,"0"
78767,"1"
78768,"0"
78769,"0"
78770,"0"
78771,"0"
78772,"0"
78773,"1"
78774,"1"
78775,"1"
78776,"0"
78777,"1"
78778,"1"
78779,"1"
78780,"1"
78781,"0"
78782,"1"
78783,"0"
78784,"1"
78785,"0"
78786,"1"
78787,"1"
78788,"0"
78789,"0"
78790,"1"
78791,"0"
78792,"0"
78793,"0"
78794,"0"
78795,"1"
78796,"0"
78797,"0"
78798,"0"
78799,"1"
78800,"0"
78801,"0"
78802,"0"
78803,"1"
78804,"0"
78805,"0"
78806,"0"
78807,"0"
78808,"0"
78809,"0"
78810,"0"
78811,"1"
78812,"0"
78813,"0"
78814,"1"
78815,"0"
78816,"0"
78817,"0"
78818,"0"
78819,"0"
78820,"0"
78821,"0"
78822,"0"
78823,"1"
78824,"0"
78825,"0"
78826,"0"
78827,"0"
78828,"0"
78829,"0"
78830,"1"
78831,"1"
78832,"1"
78833,"0"
78834,"0"
78835,"1"
78836,"0"
78837,"0"
78838,"0"
78839,"0"
78840,"0"
78841,"0"
78842,"0"
78843,"1"
78844,"0"
78845,"0"
78846,"0"
78847,"0"
78848,"0"
78849,"0"
78850,"0"
78851,"0"
78852,"0"
78853,"1"
78854,"0"
78855,"0"
78856,"1"
78857,"1"
78858,"1"
78859,"1"
78860,"1"
78861,"0"
78862,"0"
78863,"1"
78864,"1"
78865,"0"
78866,"0"
78867,"0"
78868,"0"
78869,"0"
78870,"1"
78871,"0"
78872,"1"
78873,"1"
78874,"0"
78875,"0"
78876,"0"
78877,"0"
78878,"0"
78879,"0"
78880,"0"
78881,"0"
78882,"1"
78883,"0"
78884,"0"
78885,"0"
78886,"0"
78887,"0"
78888,"0"
78889,"0"
78890,"1"
78891,"0"
78892,"0"
78893,"0"
78894,"0"
78895,"0"
78896,"0"
78897,"0"
78898,"0"
78899,"0"
78900,"0"
78901,"0"
78902,"0"
78903,"0"
78904,"0"
78905,"1"
78906,"0"
78907,"0"
78908,"0"
78909,"1"
78910,"0"
78911,"0"
78912,"0"
78913,"1"
78914,"0"
78915,"0"
78916,"0"
78917,"0"
78918,"1"
78919,"0"
78920,"1"
78921,"0"
78922,"0"
78923,"1"
78924,"0"
78925,"0"
78926,"0"
78927,"1"
78928,"0"
78929,"0"
78930,"1"
78931,"0"
78932,"0"
78933,"0"
78934,"0"
78935,"0"
78936,"1"
78937,"0"
78938,"0"
78939,"1"
78940,"0"
78941,"1"
78942,"1"
78943,"0"
78944,"0"
78945,"0"
78946,"0"
78947,"0"
78948,"1"
78949,"0"
78950,"1"
78951,"1"
78952,"0"
78953,"0"
78954,"0"
78955,"0"
78956,"0"
78957,"1"
78958,"0"
78959,"0"
78960,"0"
78961,"1"
78962,"0"
78963,"0"
78964,"0"
78965,"0"
78966,"0"
78967,"0"
78968,"0"
78969,"0"
78970,"0"
78971,"0"
78972,"1"
78973,"0"
78974,"0"
78975,"0"
78976,"0"
78977,"0"
78978,"0"
78979,"1"
78980,"0"
78981,"0"
78982,"0"
78983,"1"
78984,"1"
78985,"1"
78986,"1"
78987,"1"
78988,"1"
78989,"1"
78990,"1"
78991,"1"
78992,"1"
78993,"1"
78994,"1"
78995,"1"
78996,"1"
78997,"1"
78998,"1"
78999,"1"
79000,"1"
79001,"1"
79002,"0"
79003,"1"
79004,"1"
79005,"1"
79006,"1"
79007,"0"
79008,"1"
79009,"1"
79010,"1"
79011,"0"
79012,"1"
79013,"0"
79014,"0"
79015,"1"
79016,"1"
79017,"1"
79018,"1"
79019,"1"
79020,"1"
79021,"1"
79022,"0"
79023,"1"
79024,"1"
79025,"1"
79026,"0"
79027,"1"
79028,"1"
79029,"1"
79030,"1"
79031,"1"
79032,"0"
79033,"1"
79034,"0"
79035,"1"
79036,"1"
79037,"1"
79038,"1"
79039,"0"
79040,"1"
79041,"0"
79042,"1"
79043,"1"
79044,"1"
79045,"1"
79046,"1"
79047,"1"
79048,"0"
79049,"1"
79050,"1"
79051,"1"
79052,"0"
79053,"1"
79054,"1"
79055,"0"
79056,"0"
79057,"1"
79058,"0"
79059,"0"
79060,"0"
79061,"1"
79062,"1"
79063,"1"
79064,"1"
79065,"1"
79066,"1"
79067,"1"
79068,"0"
79069,"0"
79070,"1"
79071,"1"
79072,"0"
79073,"1"
79074,"1"
79075,"1"
79076,"1"
79077,"0"
79078,"1"
79079,"1"
79080,"1"
79081,"0"
79082,"0"
79083,"0"
79084,"1"
79085,"1"
79086,"1"
79087,"1"
79088,"1"
79089,"1"
79090,"1"
79091,"1"
79092,"0"
79093,"1"
79094,"0"
79095,"1"
79096,"1"
79097,"0"
79098,"0"
79099,"1"
79100,"0"
79101,"0"
79102,"0"
79103,"1"
79104,"0"
79105,"0"
79106,"1"
79107,"1"
79108,"0"
79109,"1"
79110,"1"
79111,"0"
79112,"0"
79113,"1"
79114,"1"
79115,"0"
79116,"0"
79117,"1"
79118,"0"
79119,"0"
79120,"0"
79121,"1"
79122,"0"
79123,"0"
79124,"0"
79125,"0"
79126,"0"
79127,"1"
79128,"0"
79129,"0"
79130,"0"
79131,"0"
79132,"0"
79133,"0"
79134,"0"
79135,"1"
79136,"1"
79137,"1"
79138,"1"
79139,"0"
79140,"0"
79141,"1"
79142,"0"
79143,"0"
79144,"0"
79145,"1"
79146,"0"
79147,"0"
79148,"1"
79149,"0"
79150,"1"
79151,"0"
79152,"0"
79153,"0"
79154,"0"
79155,"1"
79156,"1"
79157,"0"
79158,"1"
79159,"1"
79160,"1"
79161,"1"
79162,"1"
79163,"0"
79164,"1"
79165,"0"
79166,"1"
79167,"0"
79168,"1"
79169,"1"
79170,"0"
79171,"0"
79172,"0"
79173,"0"
79174,"0"
79175,"1"
79176,"0"
79177,"1"
79178,"1"
79179,"1"
79180,"1"
79181,"1"
79182,"1"
79183,"1"
79184,"1"
79185,"0"
79186,"1"
79187,"1"
79188,"0"
79189,"0"
79190,"0"
79191,"1"
79192,"0"
79193,"1"
79194,"0"
79195,"0"
79196,"1"
79197,"0"
79198,"1"
79199,"0"
79200,"0"
79201,"1"
79202,"0"
79203,"0"
79204,"0"
79205,"0"
79206,"0"
79207,"0"
79208,"0"
79209,"0"
79210,"0"
79211,"0"
79212,"0"
79213,"0"
79214,"1"
79215,"0"
79216,"0"
79217,"0"
79218,"0"
79219,"1"
79220,"0"
79221,"0"
79222,"0"
79223,"0"
79224,"1"
79225,"1"
79226,"0"
79227,"0"
79228,"0"
79229,"0"
79230,"1"
79231,"0"
79232,"1"
79233,"1"
79234,"1"
79235,"1"
79236,"1"
79237,"0"
79238,"0"
79239,"0"
79240,"1"
79241,"1"
79242,"0"
79243,"1"
79244,"1"
79245,"1"
79246,"0"
79247,"0"
79248,"0"
79249,"0"
79250,"1"
79251,"0"
79252,"0"
79253,"0"
79254,"0"
79255,"0"
79256,"0"
79257,"0"
79258,"1"
79259,"0"
79260,"0"
79261,"0"
79262,"1"
79263,"1"
79264,"0"
79265,"0"
79266,"0"
79267,"0"
79268,"0"
79269,"0"
79270,"0"
79271,"0"
79272,"0"
79273,"0"
79274,"0"
79275,"0"
79276,"0"
79277,"0"
79278,"0"
79279,"0"
79280,"0"
79281,"0"
79282,"0"
79283,"1"
79284,"1"
79285,"1"
79286,"1"
79287,"1"
79288,"0"
79289,"1"
79290,"1"
79291,"1"
79292,"1"
79293,"0"
79294,"0"
79295,"0"
79296,"1"
79297,"1"
79298,"1"
79299,"1"
79300,"0"
79301,"0"
79302,"0"
79303,"1"
79304,"1"
79305,"1"
79306,"0"
79307,"0"
79308,"0"
79309,"0"
79310,"0"
79311,"0"
79312,"1"
79313,"0"
79314,"1"
79315,"0"
79316,"0"
79317,"0"
79318,"0"
79319,"0"
79320,"1"
79321,"0"
79322,"0"
79323,"1"
79324,"0"
79325,"0"
79326,"0"
79327,"1"
79328,"0"
79329,"1"
79330,"0"
